--------------------------------------------------------
--  파일이 생성됨 - 금요일-10월-21-2022   
--------------------------------------------------------
--------------------------------------------------------
--  DDL for Sequence COUPON_SEQ
--------------------------------------------------------

   CREATE SEQUENCE  "COUPON_SEQ"  MINVALUE 1 MAXVALUE 9999999999999999999999999999 INCREMENT BY 1 START WITH 4 NOCACHE  NOORDER  NOCYCLE  NOKEEP  NOSCALE  GLOBAL ;
--------------------------------------------------------
--  DDL for Sequence EVENTFILE_SEQ
--------------------------------------------------------

   CREATE SEQUENCE  "EVENTFILE_SEQ"  MINVALUE 1 MAXVALUE 9999999999999999999999999999 INCREMENT BY 1 START WITH 10 NOCACHE  NOORDER  NOCYCLE  NOKEEP  NOSCALE  GLOBAL ;
--------------------------------------------------------
--  DDL for Sequence EVENT_SEQ
--------------------------------------------------------

   CREATE SEQUENCE  "EVENT_SEQ"  MINVALUE 1 MAXVALUE 9999999999999999999999999999 INCREMENT BY 1 START WITH 10 NOCACHE  NOORDER  NOCYCLE  NOKEEP  NOSCALE  GLOBAL ;
--------------------------------------------------------
--  DDL for Sequence FILE_SEQ
--------------------------------------------------------

   CREATE SEQUENCE  "FILE_SEQ"  MINVALUE 1 MAXVALUE 999999 INCREMENT BY 1 START WITH 201 CACHE 20 NOORDER  NOCYCLE  NOKEEP  NOSCALE  GLOBAL ;
--------------------------------------------------------
--  DDL for Sequence FOL_SEQ
--------------------------------------------------------

   CREATE SEQUENCE  "FOL_SEQ"  MINVALUE 1 MAXVALUE 9999 INCREMENT BY 1 START WITH 141 CACHE 20 NOORDER  NOCYCLE  NOKEEP  NOSCALE  GLOBAL ;
--------------------------------------------------------
--  DDL for Sequence NOTICEFILE_SEQ
--------------------------------------------------------

   CREATE SEQUENCE  "NOTICEFILE_SEQ"  MINVALUE 1 MAXVALUE 9999999999999999999999999999 INCREMENT BY 1 START WITH 1 NOCACHE  NOORDER  NOCYCLE  NOKEEP  NOSCALE  GLOBAL ;
--------------------------------------------------------
--  DDL for Sequence NOTICE_SEQ
--------------------------------------------------------

   CREATE SEQUENCE  "NOTICE_SEQ"  MINVALUE 1 MAXVALUE 9999999999999999999999999999 INCREMENT BY 1 START WITH 10 NOCACHE  NOORDER  NOCYCLE  NOKEEP  NOSCALE  GLOBAL ;
--------------------------------------------------------
--  DDL for Sequence QNA_FILE_SEQ
--------------------------------------------------------

   CREATE SEQUENCE  "QNA_FILE_SEQ"  MINVALUE 1 MAXVALUE 9999999999999999999999999999 INCREMENT BY 1 START WITH 1 NOCACHE  NOORDER  NOCYCLE  NOKEEP  NOSCALE  GLOBAL ;
--------------------------------------------------------
--  DDL for Sequence QNA_SEQ
--------------------------------------------------------

   CREATE SEQUENCE  "QNA_SEQ"  MINVALUE 1 MAXVALUE 9999999999999999999999999999 INCREMENT BY 1 START WITH 23 NOCACHE  NOORDER  NOCYCLE  NOKEEP  NOSCALE  GLOBAL ;
--------------------------------------------------------
--  DDL for Sequence RS_SEQ
--------------------------------------------------------

   CREATE SEQUENCE  "RS_SEQ"  MINVALUE 1 MAXVALUE 9999999999999999999999999999 INCREMENT BY 1 START WITH 1 CACHE 20 NOORDER  NOCYCLE  NOKEEP  NOSCALE  GLOBAL ;
--------------------------------------------------------
--  DDL for Sequence RV_SEQ
--------------------------------------------------------

   CREATE SEQUENCE  "RV_SEQ"  MINVALUE 1 MAXVALUE 9999999999999999999999999999 INCREMENT BY 1 START WITH 41 CACHE 20 NOORDER  NOCYCLE  NOKEEP  NOSCALE  GLOBAL ;
--------------------------------------------------------
--  DDL for Sequence SELLFILE_SEQ
--------------------------------------------------------

   CREATE SEQUENCE  "SELLFILE_SEQ"  MINVALUE 1 MAXVALUE 9999999999999999999999999999 INCREMENT BY 1 START WITH 301 CACHE 20 NOORDER  NOCYCLE  NOKEEP  NOSCALE  GLOBAL ;
--------------------------------------------------------
--  DDL for Sequence SELLITEM_SEQ
--------------------------------------------------------

   CREATE SEQUENCE  "SELLITEM_SEQ"  MINVALUE 1 MAXVALUE 9999999999999999999999999999 INCREMENT BY 1 START WITH 201 CACHE 20 NOORDER  NOCYCLE  NOKEEP  NOSCALE  GLOBAL ;
--------------------------------------------------------
--  DDL for Sequence SELLQNA_SEQ
--------------------------------------------------------

   CREATE SEQUENCE  "SELLQNA_SEQ"  MINVALUE 1 MAXVALUE 9999999999999999999999999999 INCREMENT BY 1 START WITH 41 CACHE 20 NOORDER  NOCYCLE  NOKEEP  NOSCALE  GLOBAL ;
--------------------------------------------------------
--  DDL for Sequence SHARING_FILE_SEQ
--------------------------------------------------------

   CREATE SEQUENCE  "SHARING_FILE_SEQ"  MINVALUE 1 MAXVALUE 9999999999999999999999999999 INCREMENT BY 1 START WITH 22 NOCACHE  NOORDER  NOCYCLE  NOKEEP  NOSCALE  GLOBAL ;
--------------------------------------------------------
--  DDL for Sequence SHARING_SEQ
--------------------------------------------------------

   CREATE SEQUENCE  "SHARING_SEQ"  MINVALUE 1 MAXVALUE 9999999999999999999999999999 INCREMENT BY 1 START WITH 22 NOCACHE  NOORDER  NOCYCLE  NOKEEP  NOSCALE  GLOBAL ;
--------------------------------------------------------
--  DDL for Sequence SHCOMMENT_SEQ
--------------------------------------------------------

   CREATE SEQUENCE  "SHCOMMENT_SEQ"  MINVALUE 1 MAXVALUE 9999999999999999999999999999 INCREMENT BY 1 START WITH 26 NOCACHE  NOORDER  NOCYCLE  NOKEEP  NOSCALE  GLOBAL ;
--------------------------------------------------------
--  DDL for Sequence USERCOUPON_SEQ
--------------------------------------------------------

   CREATE SEQUENCE  "USERCOUPON_SEQ"  MINVALUE 1 MAXVALUE 9999999999999999999999999999 INCREMENT BY 1 START WITH 1 NOCACHE  NOORDER  NOCYCLE  NOKEEP  NOSCALE  GLOBAL ;
--------------------------------------------------------
--  DDL for Table CATEGORY
--------------------------------------------------------

  CREATE TABLE "CATEGORY" 
   (	"CATEGORYNUM" NUMBER, 
	"CATEGORYNAME" VARCHAR2(200 BYTE)
   ) SEGMENT CREATION IMMEDIATE 
  PCTFREE 10 PCTUSED 40 INITRANS 1 MAXTRANS 255 
 NOCOMPRESS LOGGING
  STORAGE(INITIAL 65536 NEXT 1048576 MINEXTENTS 1 MAXEXTENTS 2147483645
  PCTINCREASE 0 FREELISTS 1 FREELIST GROUPS 1
  BUFFER_POOL DEFAULT FLASH_CACHE DEFAULT CELL_FLASH_CACHE DEFAULT)
  TABLESPACE "USERS" ;
--------------------------------------------------------
--  DDL for Table COUPON
--------------------------------------------------------

  CREATE TABLE "COUPON" 
   (	"COUPONNUM" NUMBER, 
	"COUPONNAME" VARCHAR2(200 BYTE), 
	"EXPDATE" DATE, 
	"REGDATE" DATE, 
	"DISCOUNTMETHOD" VARCHAR2(1 BYTE), 
	"DISCOUNTRATE" NUMBER, 
	"DISCOUNTPRICE" NUMBER
   ) SEGMENT CREATION IMMEDIATE 
  PCTFREE 10 PCTUSED 40 INITRANS 1 MAXTRANS 255 
 NOCOMPRESS LOGGING
  STORAGE(INITIAL 65536 NEXT 1048576 MINEXTENTS 1 MAXEXTENTS 2147483645
  PCTINCREASE 0 FREELISTS 1 FREELIST GROUPS 1
  BUFFER_POOL DEFAULT FLASH_CACHE DEFAULT CELL_FLASH_CACHE DEFAULT)
  TABLESPACE "USERS" ;
--------------------------------------------------------
--  DDL for Table EVENT
--------------------------------------------------------

  CREATE TABLE "EVENT" 
   (	"NUM" NUMBER, 
	"TITLE" VARCHAR2(200 BYTE), 
	"WRITER" VARCHAR2(200 BYTE), 
	"CONTENTS" CLOB, 
	"REGDATE" DATE, 
	"HIT" NUMBER
   ) SEGMENT CREATION IMMEDIATE 
  PCTFREE 10 PCTUSED 40 INITRANS 1 MAXTRANS 255 
 NOCOMPRESS LOGGING
  STORAGE(INITIAL 65536 NEXT 1048576 MINEXTENTS 1 MAXEXTENTS 2147483645
  PCTINCREASE 0 FREELISTS 1 FREELIST GROUPS 1
  BUFFER_POOL DEFAULT FLASH_CACHE DEFAULT CELL_FLASH_CACHE DEFAULT)
  TABLESPACE "USERS" 
 LOB ("CONTENTS") STORE AS SECUREFILE (
  TABLESPACE "USERS" ENABLE STORAGE IN ROW CHUNK 8192
  NOCACHE LOGGING  NOCOMPRESS  KEEP_DUPLICATES 
  STORAGE(INITIAL 106496 NEXT 1048576 MINEXTENTS 1 MAXEXTENTS 2147483645
  PCTINCREASE 0
  BUFFER_POOL DEFAULT FLASH_CACHE DEFAULT CELL_FLASH_CACHE DEFAULT)) ;
--------------------------------------------------------
--  DDL for Table EVENTFILE
--------------------------------------------------------

  CREATE TABLE "EVENTFILE" 
   (	"FILENUM" NUMBER, 
	"NUM" NUMBER, 
	"ORINAME" VARCHAR2(400 BYTE), 
	"FILENAME" VARCHAR2(400 BYTE)
   ) SEGMENT CREATION IMMEDIATE 
  PCTFREE 10 PCTUSED 40 INITRANS 1 MAXTRANS 255 
 NOCOMPRESS LOGGING
  STORAGE(INITIAL 65536 NEXT 1048576 MINEXTENTS 1 MAXEXTENTS 2147483645
  PCTINCREASE 0 FREELISTS 1 FREELIST GROUPS 1
  BUFFER_POOL DEFAULT FLASH_CACHE DEFAULT CELL_FLASH_CACHE DEFAULT)
  TABLESPACE "USERS" ;
--------------------------------------------------------
--  DDL for Table FOLLOW
--------------------------------------------------------

  CREATE TABLE "FOLLOW" 
   (	"FOLLOWNUM" NUMBER, 
	"FOLLOWER" VARCHAR2(200 BYTE), 
	"FOLLOWEE" VARCHAR2(200 BYTE)
   ) SEGMENT CREATION IMMEDIATE 
  PCTFREE 10 PCTUSED 40 INITRANS 1 MAXTRANS 255 
 NOCOMPRESS LOGGING
  STORAGE(INITIAL 65536 NEXT 1048576 MINEXTENTS 1 MAXEXTENTS 2147483645
  PCTINCREASE 0 FREELISTS 1 FREELIST GROUPS 1
  BUFFER_POOL DEFAULT FLASH_CACHE DEFAULT CELL_FLASH_CACHE DEFAULT)
  TABLESPACE "USERS" ;
--------------------------------------------------------
--  DDL for Table GUEST
--------------------------------------------------------

  CREATE TABLE "GUEST" 
   (	"GUESTID" NUMBER, 
	"USERID" VARCHAR2(200 BYTE), 
	"ROLENUM" NUMBER, 
	"PETCATG" VARCHAR2(200 BYTE), 
	"PETNAME" VARCHAR2(200 BYTE)
   ) SEGMENT CREATION IMMEDIATE 
  PCTFREE 10 PCTUSED 40 INITRANS 1 MAXTRANS 255 
 NOCOMPRESS LOGGING
  STORAGE(INITIAL 65536 NEXT 1048576 MINEXTENTS 1 MAXEXTENTS 2147483645
  PCTINCREASE 0 FREELISTS 1 FREELIST GROUPS 1
  BUFFER_POOL DEFAULT FLASH_CACHE DEFAULT CELL_FLASH_CACHE DEFAULT)
  TABLESPACE "USERS" ;
--------------------------------------------------------
--  DDL for Table MEMBER
--------------------------------------------------------

  CREATE TABLE "MEMBER" 
   (	"USERID" VARCHAR2(200 BYTE), 
	"ROLENUM" NUMBER, 
	"USERNAME" VARCHAR2(200 BYTE), 
	"PASSWORD" VARCHAR2(200 BYTE), 
	"EMAIL" VARCHAR2(200 BYTE), 
	"PHONE" NUMBER, 
	"ADDRESS" VARCHAR2(200 BYTE), 
	"BLOCK" NUMBER, 
	"AGMAIL" NUMBER, 
	"AGVALUE" NUMBER, 
	"AGMES" NUMBER, 
	"ITEMZIPCODE" NUMBER, 
	"DEADDRESS" VARCHAR2(200 BYTE)
   ) SEGMENT CREATION IMMEDIATE 
  PCTFREE 10 PCTUSED 40 INITRANS 1 MAXTRANS 255 
 NOCOMPRESS LOGGING
  STORAGE(INITIAL 65536 NEXT 1048576 MINEXTENTS 1 MAXEXTENTS 2147483645
  PCTINCREASE 0 FREELISTS 1 FREELIST GROUPS 1
  BUFFER_POOL DEFAULT FLASH_CACHE DEFAULT CELL_FLASH_CACHE DEFAULT)
  TABLESPACE "USERS" ;
--------------------------------------------------------
--  DDL for Table MEMFILE
--------------------------------------------------------

  CREATE TABLE "MEMFILE" 
   (	"FILENUM" NUMBER, 
	"FILENAME" VARCHAR2(200 BYTE), 
	"ORINAME" VARCHAR2(200 BYTE), 
	"USERID" VARCHAR2(200 BYTE)
   ) SEGMENT CREATION IMMEDIATE 
  PCTFREE 10 PCTUSED 40 INITRANS 1 MAXTRANS 255 
 NOCOMPRESS LOGGING
  STORAGE(INITIAL 65536 NEXT 1048576 MINEXTENTS 1 MAXEXTENTS 2147483645
  PCTINCREASE 0 FREELISTS 1 FREELIST GROUPS 1
  BUFFER_POOL DEFAULT FLASH_CACHE DEFAULT CELL_FLASH_CACHE DEFAULT)
  TABLESPACE "USERS" ;
--------------------------------------------------------
--  DDL for Table NOTICE
--------------------------------------------------------

  CREATE TABLE "NOTICE" 
   (	"NUM" NUMBER, 
	"TITLE" VARCHAR2(200 BYTE), 
	"WRITER" VARCHAR2(200 BYTE), 
	"REGDATE" DATE, 
	"HIT" NUMBER, 
	"CONTENTS" CLOB
   ) SEGMENT CREATION IMMEDIATE 
  PCTFREE 10 PCTUSED 40 INITRANS 1 MAXTRANS 255 
 NOCOMPRESS LOGGING
  STORAGE(INITIAL 65536 NEXT 1048576 MINEXTENTS 1 MAXEXTENTS 2147483645
  PCTINCREASE 0 FREELISTS 1 FREELIST GROUPS 1
  BUFFER_POOL DEFAULT FLASH_CACHE DEFAULT CELL_FLASH_CACHE DEFAULT)
  TABLESPACE "USERS" 
 LOB ("CONTENTS") STORE AS SECUREFILE (
  TABLESPACE "USERS" ENABLE STORAGE IN ROW CHUNK 8192
  NOCACHE LOGGING  NOCOMPRESS  KEEP_DUPLICATES 
  STORAGE(INITIAL 106496 NEXT 1048576 MINEXTENTS 1 MAXEXTENTS 2147483645
  PCTINCREASE 0
  BUFFER_POOL DEFAULT FLASH_CACHE DEFAULT CELL_FLASH_CACHE DEFAULT)) ;
--------------------------------------------------------
--  DDL for Table NOTICEFILE
--------------------------------------------------------

  CREATE TABLE "NOTICEFILE" 
   (	"FILENUM" NUMBER, 
	"NUM" NUMBER, 
	"ORINAME" VARCHAR2(400 BYTE), 
	"FILENAME" VARCHAR2(400 BYTE)
   ) SEGMENT CREATION DEFERRED 
  PCTFREE 10 PCTUSED 40 INITRANS 1 MAXTRANS 255 
 NOCOMPRESS LOGGING
  TABLESPACE "USERS" ;
--------------------------------------------------------
--  DDL for Table PICK
--------------------------------------------------------

  CREATE TABLE "PICK" 
   (	"PICKNUM" NUMBER, 
	"ITEMNUM" NUMBER, 
	"USERID" VARCHAR2(200 BYTE), 
	"PICKDATE" DATE, 
	"PICKVALUE" NUMBER
   ) SEGMENT CREATION IMMEDIATE 
  PCTFREE 10 PCTUSED 40 INITRANS 1 MAXTRANS 255 
 NOCOMPRESS LOGGING
  STORAGE(INITIAL 65536 NEXT 1048576 MINEXTENTS 1 MAXEXTENTS 2147483645
  PCTINCREASE 0 FREELISTS 1 FREELIST GROUPS 1
  BUFFER_POOL DEFAULT FLASH_CACHE DEFAULT CELL_FLASH_CACHE DEFAULT)
  TABLESPACE "USERS" ;
--------------------------------------------------------
--  DDL for Table PURCHASE
--------------------------------------------------------

  CREATE TABLE "PURCHASE" 
   (	"IMP_UID" VARCHAR2(200 BYTE), 
	"MERCHANT_UID" NUMBER, 
	"ITEMNUM" NUMBER, 
	"AMOUNT" NUMBER, 
	"USERID" VARCHAR2(200 BYTE), 
	"REVSTARTDATE" DATE, 
	"REVENDDATE" DATE, 
	"ADULTSCOUNT" NUMBER, 
	"DOGCOUNT" NUMBER, 
	"PURCHASEDATE" DATE, 
	"PURCHASESTATUS" NUMBER
   ) SEGMENT CREATION IMMEDIATE 
  PCTFREE 10 PCTUSED 40 INITRANS 1 MAXTRANS 255 
 NOCOMPRESS LOGGING
  STORAGE(INITIAL 65536 NEXT 1048576 MINEXTENTS 1 MAXEXTENTS 2147483645
  PCTINCREASE 0 FREELISTS 1 FREELIST GROUPS 1
  BUFFER_POOL DEFAULT FLASH_CACHE DEFAULT CELL_FLASH_CACHE DEFAULT)
  TABLESPACE "USERS" ;
--------------------------------------------------------
--  DDL for Table PURCHASECANCEL
--------------------------------------------------------

  CREATE TABLE "PURCHASECANCEL" 
   (	"MERCHANT_UID" VARCHAR2(400 BYTE), 
	"IMP_UID" VARCHAR2(400 BYTE), 
	"REASON" VARCHAR2(400 BYTE), 
	"CANCELDATE" DATE
   ) SEGMENT CREATION IMMEDIATE 
  PCTFREE 10 PCTUSED 40 INITRANS 1 MAXTRANS 255 
 NOCOMPRESS LOGGING
  STORAGE(INITIAL 65536 NEXT 1048576 MINEXTENTS 1 MAXEXTENTS 2147483645
  PCTINCREASE 0 FREELISTS 1 FREELIST GROUPS 1
  BUFFER_POOL DEFAULT FLASH_CACHE DEFAULT CELL_FLASH_CACHE DEFAULT)
  TABLESPACE "USERS" ;
--------------------------------------------------------
--  DDL for Table QNA
--------------------------------------------------------

  CREATE TABLE "QNA" 
   (	"NUM" NUMBER, 
	"TITLE" VARCHAR2(200 BYTE), 
	"WRITER" VARCHAR2(200 BYTE), 
	"CONTENTS" CLOB, 
	"REGDATE" DATE, 
	"HIT" NUMBER, 
	"REF" NUMBER, 
	"STEP" NUMBER, 
	"DEPTH" NUMBER
   ) SEGMENT CREATION IMMEDIATE 
  PCTFREE 10 PCTUSED 40 INITRANS 1 MAXTRANS 255 
 NOCOMPRESS LOGGING
  STORAGE(INITIAL 65536 NEXT 1048576 MINEXTENTS 1 MAXEXTENTS 2147483645
  PCTINCREASE 0 FREELISTS 1 FREELIST GROUPS 1
  BUFFER_POOL DEFAULT FLASH_CACHE DEFAULT CELL_FLASH_CACHE DEFAULT)
  TABLESPACE "USERS" 
 LOB ("CONTENTS") STORE AS SECUREFILE (
  TABLESPACE "USERS" ENABLE STORAGE IN ROW CHUNK 8192
  NOCACHE LOGGING  NOCOMPRESS  KEEP_DUPLICATES 
  STORAGE(INITIAL 106496 NEXT 1048576 MINEXTENTS 1 MAXEXTENTS 2147483645
  PCTINCREASE 0
  BUFFER_POOL DEFAULT FLASH_CACHE DEFAULT CELL_FLASH_CACHE DEFAULT)) ;
--------------------------------------------------------
--  DDL for Table QNAFILE
--------------------------------------------------------

  CREATE TABLE "QNAFILE" 
   (	"FILENUM" NUMBER, 
	"NUM" NUMBER, 
	"ORINAME" VARCHAR2(400 BYTE), 
	"FILENAME" VARCHAR2(400 BYTE)
   ) SEGMENT CREATION DEFERRED 
  PCTFREE 10 PCTUSED 40 INITRANS 1 MAXTRANS 255 
 NOCOMPRESS LOGGING
  TABLESPACE "USERS" ;
--------------------------------------------------------
--  DDL for Table REVIEW
--------------------------------------------------------

  CREATE TABLE "REVIEW" 
   (	"RVNUM" NUMBER, 
	"ITEMNUM" NUMBER, 
	"USERID" VARCHAR2(200 BYTE), 
	"RVTITLE" VARCHAR2(200 BYTE), 
	"RVCONTENTS" VARCHAR2(200 BYTE), 
	"RVRATE" NUMBER
   ) SEGMENT CREATION IMMEDIATE 
  PCTFREE 10 PCTUSED 40 INITRANS 1 MAXTRANS 255 
 NOCOMPRESS LOGGING
  STORAGE(INITIAL 65536 NEXT 1048576 MINEXTENTS 1 MAXEXTENTS 2147483645
  PCTINCREASE 0 FREELISTS 1 FREELIST GROUPS 1
  BUFFER_POOL DEFAULT FLASH_CACHE DEFAULT CELL_FLASH_CACHE DEFAULT)
  TABLESPACE "USERS" ;
--------------------------------------------------------
--  DDL for Table ROLE
--------------------------------------------------------

  CREATE TABLE "ROLE" 
   (	"ROLENUM" NUMBER, 
	"ROLENAME" VARCHAR2(200 BYTE)
   ) SEGMENT CREATION IMMEDIATE 
  PCTFREE 10 PCTUSED 40 INITRANS 1 MAXTRANS 255 
 NOCOMPRESS LOGGING
  STORAGE(INITIAL 65536 NEXT 1048576 MINEXTENTS 1 MAXEXTENTS 2147483645
  PCTINCREASE 0 FREELISTS 1 FREELIST GROUPS 1
  BUFFER_POOL DEFAULT FLASH_CACHE DEFAULT CELL_FLASH_CACHE DEFAULT)
  TABLESPACE "USERS" ;
--------------------------------------------------------
--  DDL for Table RVCOMMENT
--------------------------------------------------------

  CREATE TABLE "RVCOMMENT" 
   (	"RVCNUM" NUMBER, 
	"RVNUM" NUMBER, 
	"RVCWRITER" VARCHAR2(200 BYTE), 
	"RVCCONTENTS" VARCHAR2(200 BYTE), 
	"RVCREGDATE" DATE
   ) SEGMENT CREATION IMMEDIATE 
  PCTFREE 10 PCTUSED 40 INITRANS 1 MAXTRANS 255 
 NOCOMPRESS LOGGING
  STORAGE(INITIAL 65536 NEXT 1048576 MINEXTENTS 1 MAXEXTENTS 2147483645
  PCTINCREASE 0 FREELISTS 1 FREELIST GROUPS 1
  BUFFER_POOL DEFAULT FLASH_CACHE DEFAULT CELL_FLASH_CACHE DEFAULT)
  TABLESPACE "USERS" ;
--------------------------------------------------------
--  DDL for Table RVFILE
--------------------------------------------------------

  CREATE TABLE "RVFILE" 
   (	"PHOTONUM" NUMBER, 
	"RVNUM" NUMBER, 
	"ORINAME" VARCHAR2(200 BYTE), 
	"FILENAME" VARCHAR2(200 BYTE)
   ) SEGMENT CREATION IMMEDIATE 
  PCTFREE 10 PCTUSED 40 INITRANS 1 MAXTRANS 255 
 NOCOMPRESS LOGGING
  STORAGE(INITIAL 65536 NEXT 1048576 MINEXTENTS 1 MAXEXTENTS 2147483645
  PCTINCREASE 0 FREELISTS 1 FREELIST GROUPS 1
  BUFFER_POOL DEFAULT FLASH_CACHE DEFAULT CELL_FLASH_CACHE DEFAULT)
  TABLESPACE "USERS" ;
--------------------------------------------------------
--  DDL for Table SELLCATEGORY
--------------------------------------------------------

  CREATE TABLE "SELLCATEGORY" 
   (	"SELLCATEGORYNUM" NUMBER, 
	"ITEMNUM" NUMBER, 
	"CATEGORYNUM" NUMBER
   ) SEGMENT CREATION IMMEDIATE 
  PCTFREE 10 PCTUSED 40 INITRANS 1 MAXTRANS 255 
 NOCOMPRESS LOGGING
  STORAGE(INITIAL 65536 NEXT 1048576 MINEXTENTS 1 MAXEXTENTS 2147483645
  PCTINCREASE 0 FREELISTS 1 FREELIST GROUPS 1
  BUFFER_POOL DEFAULT FLASH_CACHE DEFAULT CELL_FLASH_CACHE DEFAULT)
  TABLESPACE "USERS" ;
--------------------------------------------------------
--  DDL for Table SELLFILE
--------------------------------------------------------

  CREATE TABLE "SELLFILE" 
   (	"PHOTONUM" NUMBER, 
	"ITEMNUM" NUMBER, 
	"ORINAME" VARCHAR2(200 BYTE), 
	"FILENAME" VARCHAR2(200 BYTE)
   ) SEGMENT CREATION IMMEDIATE 
  PCTFREE 10 PCTUSED 40 INITRANS 1 MAXTRANS 255 
 NOCOMPRESS LOGGING
  STORAGE(INITIAL 65536 NEXT 1048576 MINEXTENTS 1 MAXEXTENTS 2147483645
  PCTINCREASE 0 FREELISTS 1 FREELIST GROUPS 1
  BUFFER_POOL DEFAULT FLASH_CACHE DEFAULT CELL_FLASH_CACHE DEFAULT)
  TABLESPACE "USERS" ;
--------------------------------------------------------
--  DDL for Table SELLITEM
--------------------------------------------------------

  CREATE TABLE "SELLITEM" 
   (	"ITEMNUM" NUMBER, 
	"USERID" VARCHAR2(200 BYTE), 
	"ITEMNAME" VARCHAR2(200 BYTE), 
	"ITEMPRICE" NUMBER, 
	"ITEMCONTENTS" VARCHAR2(200 BYTE), 
	"ITEMZIPCODE" NUMBER, 
	"ITEMADDRESS" VARCHAR2(200 BYTE), 
	"ITEMDEADDRESS" VARCHAR2(200 BYTE), 
	"ITEMCATG" VARCHAR2(200 BYTE)
   ) SEGMENT CREATION IMMEDIATE 
  PCTFREE 10 PCTUSED 40 INITRANS 1 MAXTRANS 255 
 NOCOMPRESS LOGGING
  STORAGE(INITIAL 65536 NEXT 1048576 MINEXTENTS 1 MAXEXTENTS 2147483645
  PCTINCREASE 0 FREELISTS 1 FREELIST GROUPS 1
  BUFFER_POOL DEFAULT FLASH_CACHE DEFAULT CELL_FLASH_CACHE DEFAULT)
  TABLESPACE "USERS" ;
--------------------------------------------------------
--  DDL for Table SELLQNA
--------------------------------------------------------

  CREATE TABLE "SELLQNA" 
   (	"QNANUM" NUMBER, 
	"ITEMNUM" NUMBER, 
	"USERID" VARCHAR2(200 BYTE), 
	"TITLE" VARCHAR2(200 BYTE), 
	"CONTENTS" VARCHAR2(200 BYTE)
   ) SEGMENT CREATION IMMEDIATE 
  PCTFREE 10 PCTUSED 40 INITRANS 1 MAXTRANS 255 
 NOCOMPRESS LOGGING
  STORAGE(INITIAL 65536 NEXT 1048576 MINEXTENTS 1 MAXEXTENTS 2147483645
  PCTINCREASE 0 FREELISTS 1 FREELIST GROUPS 1
  BUFFER_POOL DEFAULT FLASH_CACHE DEFAULT CELL_FLASH_CACHE DEFAULT)
  TABLESPACE "USERS" ;
--------------------------------------------------------
--  DDL for Table SELLQNACOMMENT
--------------------------------------------------------

  CREATE TABLE "SELLQNACOMMENT" 
   (	"SQNUM" NUMBER, 
	"QNANUM" NUMBER, 
	"SQWRITER" VARCHAR2(200 BYTE), 
	"SQCONTENTS" VARCHAR2(200 BYTE)
   ) SEGMENT CREATION IMMEDIATE 
  PCTFREE 10 PCTUSED 40 INITRANS 1 MAXTRANS 255 
 NOCOMPRESS LOGGING
  STORAGE(INITIAL 65536 NEXT 1048576 MINEXTENTS 1 MAXEXTENTS 2147483645
  PCTINCREASE 0 FREELISTS 1 FREELIST GROUPS 1
  BUFFER_POOL DEFAULT FLASH_CACHE DEFAULT CELL_FLASH_CACHE DEFAULT)
  TABLESPACE "USERS" ;
--------------------------------------------------------
--  DDL for Table SHARING
--------------------------------------------------------

  CREATE TABLE "SHARING" 
   (	"NUM" NUMBER, 
	"TITLE" VARCHAR2(200 BYTE), 
	"WRITER" VARCHAR2(200 BYTE), 
	"REGDATE" DATE, 
	"HIT" NUMBER, 
	"CONTENTS" CLOB
   ) SEGMENT CREATION IMMEDIATE 
  PCTFREE 10 PCTUSED 40 INITRANS 1 MAXTRANS 255 
 NOCOMPRESS LOGGING
  STORAGE(INITIAL 65536 NEXT 1048576 MINEXTENTS 1 MAXEXTENTS 2147483645
  PCTINCREASE 0 FREELISTS 1 FREELIST GROUPS 1
  BUFFER_POOL DEFAULT FLASH_CACHE DEFAULT CELL_FLASH_CACHE DEFAULT)
  TABLESPACE "USERS" 
 LOB ("CONTENTS") STORE AS SECUREFILE (
  TABLESPACE "USERS" ENABLE STORAGE IN ROW CHUNK 8192
  NOCACHE LOGGING  NOCOMPRESS  KEEP_DUPLICATES 
  STORAGE(INITIAL 106496 NEXT 1048576 MINEXTENTS 1 MAXEXTENTS 2147483645
  PCTINCREASE 0
  BUFFER_POOL DEFAULT FLASH_CACHE DEFAULT CELL_FLASH_CACHE DEFAULT)) ;
--------------------------------------------------------
--  DDL for Table SHARINGFILE
--------------------------------------------------------

  CREATE TABLE "SHARINGFILE" 
   (	"FILENUM" NUMBER, 
	"NUM" NUMBER, 
	"ORINAME" VARCHAR2(400 BYTE), 
	"FILENAME" VARCHAR2(400 BYTE)
   ) SEGMENT CREATION IMMEDIATE 
  PCTFREE 10 PCTUSED 40 INITRANS 1 MAXTRANS 255 
 NOCOMPRESS LOGGING
  STORAGE(INITIAL 65536 NEXT 1048576 MINEXTENTS 1 MAXEXTENTS 2147483645
  PCTINCREASE 0 FREELISTS 1 FREELIST GROUPS 1
  BUFFER_POOL DEFAULT FLASH_CACHE DEFAULT CELL_FLASH_CACHE DEFAULT)
  TABLESPACE "USERS" ;
--------------------------------------------------------
--  DDL for Table SHCOMMENT
--------------------------------------------------------

  CREATE TABLE "SHCOMMENT" 
   (	"COMMENTNUM" NUMBER, 
	"NUM" NUMBER, 
	"WRITER" VARCHAR2(200 BYTE), 
	"CONTENTS" VARCHAR2(4000 BYTE), 
	"REGDATE" DATE
   ) SEGMENT CREATION IMMEDIATE 
  PCTFREE 10 PCTUSED 40 INITRANS 1 MAXTRANS 255 
 NOCOMPRESS LOGGING
  STORAGE(INITIAL 65536 NEXT 1048576 MINEXTENTS 1 MAXEXTENTS 2147483645
  PCTINCREASE 0 FREELISTS 1 FREELIST GROUPS 1
  BUFFER_POOL DEFAULT FLASH_CACHE DEFAULT CELL_FLASH_CACHE DEFAULT)
  TABLESPACE "USERS" ;
--------------------------------------------------------
--  DDL for Table SHOPCART
--------------------------------------------------------

  CREATE TABLE "SHOPCART" 
   (	"SHOPNUM" NUMBER, 
	"ITEMNUM" NUMBER, 
	"USERID" VARCHAR2(200 BYTE), 
	"TOTALPRICE" NUMBER, 
	"TOTALCOUNT" NUMBER, 
	"SHOPSTATUS" VARCHAR2(200 BYTE)
   ) SEGMENT CREATION IMMEDIATE 
  PCTFREE 10 PCTUSED 40 INITRANS 1 MAXTRANS 255 
 NOCOMPRESS LOGGING
  STORAGE(INITIAL 65536 NEXT 1048576 MINEXTENTS 1 MAXEXTENTS 2147483645
  PCTINCREASE 0 FREELISTS 1 FREELIST GROUPS 1
  BUFFER_POOL DEFAULT FLASH_CACHE DEFAULT CELL_FLASH_CACHE DEFAULT)
  TABLESPACE "USERS" ;
--------------------------------------------------------
--  DDL for Table USERCOUPON
--------------------------------------------------------

  CREATE TABLE "USERCOUPON" 
   (	"NUM" NUMBER, 
	"USERID" VARCHAR2(200 BYTE), 
	"COUPONNUM" NUMBER
   ) SEGMENT CREATION IMMEDIATE 
  PCTFREE 10 PCTUSED 40 INITRANS 1 MAXTRANS 255 
 NOCOMPRESS LOGGING
  STORAGE(INITIAL 65536 NEXT 1048576 MINEXTENTS 1 MAXEXTENTS 2147483645
  PCTINCREASE 0 FREELISTS 1 FREELIST GROUPS 1
  BUFFER_POOL DEFAULT FLASH_CACHE DEFAULT CELL_FLASH_CACHE DEFAULT)
  TABLESPACE "USERS" ;
REM INSERTING into CATEGORY
SET DEFINE OFF;
Insert into CATEGORY (CATEGORYNUM,CATEGORYNAME) values (1,'HOTELLING');
Insert into CATEGORY (CATEGORYNUM,CATEGORYNAME) values (2,'ONE DAY CLASS');
Insert into CATEGORY (CATEGORYNUM,CATEGORYNAME) values (3,'TRAINING');
REM INSERTING into COUPON
SET DEFINE OFF;
Insert into COUPON (COUPONNUM,COUPONNAME,EXPDATE,REGDATE,DISCOUNTMETHOD,DISCOUNTRATE,DISCOUNTPRICE) values (3,'첫 구매 할인 쿠폰 이벤트',to_date('22/10/28','RR/MM/DD'),to_date('22/10/19','RR/MM/DD'),'0',10,null);
REM INSERTING into EVENT
SET DEFINE OFF;
Insert into EVENT (NUM,TITLE,WRITER,REGDATE,HIT) values (7,'[이벤트] 첫 구매 할인 쿠폰 이벤트','KIM',to_date('22/10/19','RR/MM/DD'),1);
Insert into EVENT (NUM,TITLE,WRITER,REGDATE,HIT) values (8,'[이벤트] 신규회원 꿀 혜택 이벤트','KIM',to_date('22/10/19','RR/MM/DD'),0);
Insert into EVENT (NUM,TITLE,WRITER,REGDATE,HIT) values (9,'[이벤트] 즉시할인 깜짝 할인쿠폰 이벤트','KIM',to_date('22/10/19','RR/MM/DD'),2);
REM INSERTING into EVENTFILE
SET DEFINE OFF;
Insert into EVENTFILE (FILENUM,NUM,ORINAME,FILENAME) values (7,7,'첫 구매 이벤트.png','dcee5a78-dd9b-44a2-bdb4-b9e271356331_첫 구매 이벤트.png');
Insert into EVENTFILE (FILENUM,NUM,ORINAME,FILENAME) values (8,8,'신규회원.jpg','1d999487-c479-46b6-b23f-a46648ca0ed4_신규회원.jpg');
Insert into EVENTFILE (FILENUM,NUM,ORINAME,FILENAME) values (9,9,'copy-1615602484-210313_ECA3BCEBA790ECBFA0ED8FB0_v2_ED8C9DEC9785_pc.jpg','8734afe8-c4e4-4334-a9a0-5bb37290427a_copy-1615602484-210313_ECA3BCEBA790ECBFA0ED8FB0_v2_ED8C9DEC9785_pc.jpg');
REM INSERTING into FOLLOW
SET DEFINE OFF;
Insert into FOLLOW (FOLLOWNUM,FOLLOWER,FOLLOWEE) values (42,'m1','rhm1005');
Insert into FOLLOW (FOLLOWNUM,FOLLOWER,FOLLOWEE) values (113,'wal','w1');
Insert into FOLLOW (FOLLOWNUM,FOLLOWER,FOLLOWEE) values (81,'2475776111','m2');
Insert into FOLLOW (FOLLOWNUM,FOLLOWER,FOLLOWEE) values (82,'2475776111','m4');
Insert into FOLLOW (FOLLOWNUM,FOLLOWER,FOLLOWEE) values (83,'wal','m5');
Insert into FOLLOW (FOLLOWNUM,FOLLOWER,FOLLOWEE) values (84,'wal','m5');
Insert into FOLLOW (FOLLOWNUM,FOLLOWER,FOLLOWEE) values (85,'w2','w1');
Insert into FOLLOW (FOLLOWNUM,FOLLOWER,FOLLOWEE) values (86,'wal','w1');
Insert into FOLLOW (FOLLOWNUM,FOLLOWER,FOLLOWEE) values (101,'wal','m1');
Insert into FOLLOW (FOLLOWNUM,FOLLOWER,FOLLOWEE) values (102,'m1','wal');
Insert into FOLLOW (FOLLOWNUM,FOLLOWER,FOLLOWEE) values (103,'m1','m2');
Insert into FOLLOW (FOLLOWNUM,FOLLOWER,FOLLOWEE) values (104,'m1','m3');
Insert into FOLLOW (FOLLOWNUM,FOLLOWER,FOLLOWEE) values (105,'m1','m4');
Insert into FOLLOW (FOLLOWNUM,FOLLOWER,FOLLOWEE) values (106,'m1','m5');
Insert into FOLLOW (FOLLOWNUM,FOLLOWER,FOLLOWEE) values (107,'wal','m5');
Insert into FOLLOW (FOLLOWNUM,FOLLOWER,FOLLOWEE) values (108,'wal','m1');
Insert into FOLLOW (FOLLOWNUM,FOLLOWER,FOLLOWEE) values (109,'wal','m2');
Insert into FOLLOW (FOLLOWNUM,FOLLOWER,FOLLOWEE) values (110,'wal','m3');
Insert into FOLLOW (FOLLOWNUM,FOLLOWER,FOLLOWEE) values (111,'wal','m4');
Insert into FOLLOW (FOLLOWNUM,FOLLOWER,FOLLOWEE) values (112,'wal','m5');
Insert into FOLLOW (FOLLOWNUM,FOLLOWER,FOLLOWEE) values (87,'rhm1005','m1');
Insert into FOLLOW (FOLLOWNUM,FOLLOWER,FOLLOWEE) values (121,'m10','test20');
REM INSERTING into GUEST
SET DEFINE OFF;
Insert into GUEST (GUESTID,USERID,ROLENUM,PETCATG,PETNAME) values (1665651110205,'jwjwjw',2,'erherh','erhgdfh');
Insert into GUEST (GUESTID,USERID,ROLENUM,PETCATG,PETNAME) values (1665537858735,'m6',2,'바센지','갈갈이');
Insert into GUEST (GUESTID,USERID,ROLENUM,PETCATG,PETNAME) values (1665537985288,'m7',2,'블루틱툰하운드','앙앙이');
Insert into GUEST (GUESTID,USERID,ROLENUM,PETCATG,PETNAME) values (1665538069147,'m8',2,'비숑','나비');
Insert into GUEST (GUESTID,USERID,ROLENUM,PETCATG,PETNAME) values (1665538285629,'m10',2,'스웨디시발훈드','소금이');
Insert into GUEST (GUESTID,USERID,ROLENUM,PETCATG,PETNAME) values (1665539019752,'m11',2,'스페니쉬워터독','샤샤');
Insert into GUEST (GUESTID,USERID,ROLENUM,PETCATG,PETNAME) values (1665542388829,'m18',2,'잉글리쉬토이스패니얼','주주');
Insert into GUEST (GUESTID,USERID,ROLENUM,PETCATG,PETNAME) values (1665650044845,'jwjw',2,'dsfs','sdfs');
Insert into GUEST (GUESTID,USERID,ROLENUM,PETCATG,PETNAME) values (1665651370808,'er',2,'dsfs','dsg');
Insert into GUEST (GUESTID,USERID,ROLENUM,PETCATG,PETNAME) values (1665658501400,'w3',2,'사모예드','yedi');
Insert into GUEST (GUESTID,USERID,ROLENUM,PETCATG,PETNAME) values (1665659407315,'m6',2,'바센지','갈갈이');
Insert into GUEST (GUESTID,USERID,ROLENUM,PETCATG,PETNAME) values (1665712445031,'wal',2,'ㅇㄹㅎㅇㄹ','ㅇㅎㅇㄹ');
Insert into GUEST (GUESTID,USERID,ROLENUM,PETCATG,PETNAME) values (1666154164876,'xptmxm1',2,'강아지','쿠키');
Insert into GUEST (GUESTID,USERID,ROLENUM,PETCATG,PETNAME) values (1665475011832,'wal',2,'ㅇㄹㅎㅇㄹ','ㅇㅎㅇㄹ');
Insert into GUEST (GUESTID,USERID,ROLENUM,PETCATG,PETNAME) values (1665476013324,'rhm1005',2,'강아지','동글이');
Insert into GUEST (GUESTID,USERID,ROLENUM,PETCATG,PETNAME) values (1665539297915,'m13',2,'실키테리어','강강이');
Insert into GUEST (GUESTID,USERID,ROLENUM,PETCATG,PETNAME) values (1665539388038,'m14',2,'스페니쉬워터독','물물이');
Insert into GUEST (GUESTID,USERID,ROLENUM,PETCATG,PETNAME) values (1665539473953,'m15',2,'에스키모','화이트');
Insert into GUEST (GUESTID,USERID,ROLENUM,PETCATG,PETNAME) values (1665542313193,'m17',2,'웰시코기','코코');
Insert into GUEST (GUESTID,USERID,ROLENUM,PETCATG,PETNAME) values (1665542482495,'m19',2,'엔틀버쳐마운틴독','버버');
Insert into GUEST (GUESTID,USERID,ROLENUM,PETCATG,PETNAME) values (1665645174418,'2475776111',2,'gkgk','ere');
Insert into GUEST (GUESTID,USERID,ROLENUM,PETCATG,PETNAME) values (1665646670820,'2475776111',2,'gkgk','ere');
Insert into GUEST (GUESTID,USERID,ROLENUM,PETCATG,PETNAME) values (1665648137261,'2475776111',2,'gkgk','ere');
Insert into GUEST (GUESTID,USERID,ROLENUM,PETCATG,PETNAME) values (1665657652445,'w2',2,'비숑','글글이');
Insert into GUEST (GUESTID,USERID,ROLENUM,PETCATG,PETNAME) values (1665659052159,'m1',2,'말티즈','왈왈이');
Insert into GUEST (GUESTID,USERID,ROLENUM,PETCATG,PETNAME) values (1665659096593,'m2',2,'그레이하운드','그르릉');
Insert into GUEST (GUESTID,USERID,ROLENUM,PETCATG,PETNAME) values (1665659813508,'m15',2,'에스키모','화이트');
Insert into GUEST (GUESTID,USERID,ROLENUM,PETCATG,PETNAME) values (1665659869776,'m16',2,'엔틀버쳐마운틴독','파파');
Insert into GUEST (GUESTID,USERID,ROLENUM,PETCATG,PETNAME) values (1665537323730,'m1',2,'말티즈','왈왈이');
Insert into GUEST (GUESTID,USERID,ROLENUM,PETCATG,PETNAME) values (1665537522211,'m3',2,'닥스훈트','캬아악');
Insert into GUEST (GUESTID,USERID,ROLENUM,PETCATG,PETNAME) values (1665537611544,'m4',2,'랫테리어','돌돌이');
Insert into GUEST (GUESTID,USERID,ROLENUM,PETCATG,PETNAME) values (1665653909784,'jwjw',2,'dsfs','sdfs');
Insert into GUEST (GUESTID,USERID,ROLENUM,PETCATG,PETNAME) values (1665654026317,'jwjw',2,'dsfs','sdfs');
Insert into GUEST (GUESTID,USERID,ROLENUM,PETCATG,PETNAME) values (1665654251432,'gh',2,'wef','wef');
Insert into GUEST (GUESTID,USERID,ROLENUM,PETCATG,PETNAME) values (1665660004824,'m20',2,'차우차우','차차');
Insert into GUEST (GUESTID,USERID,ROLENUM,PETCATG,PETNAME) values (1665657554432,'w1',2,'grayhound','왈왈이');
Insert into GUEST (GUESTID,USERID,ROLENUM,PETCATG,PETNAME) values (1665659224350,'m3',2,'닥스훈트','캬아악');
Insert into GUEST (GUESTID,USERID,ROLENUM,PETCATG,PETNAME) values (1665659275439,'m4',2,'랫테리어','돌돌이');
Insert into GUEST (GUESTID,USERID,ROLENUM,PETCATG,PETNAME) values (1665659337965,'m5',2,'그레이하운드','달달이');
Insert into GUEST (GUESTID,USERID,ROLENUM,PETCATG,PETNAME) values (1665659444908,'m7',2,'블루틱툰하운드','앙앙이');
Insert into GUEST (GUESTID,USERID,ROLENUM,PETCATG,PETNAME) values (1665659510264,'m8',2,'비숑','나비');
Insert into GUEST (GUESTID,USERID,ROLENUM,PETCATG,PETNAME) values (1665659555971,'m9',2,'사모예드','콩고물');
Insert into GUEST (GUESTID,USERID,ROLENUM,PETCATG,PETNAME) values (1665659588458,'m10',2,'스웨디시발훈드','소금이');
Insert into GUEST (GUESTID,USERID,ROLENUM,PETCATG,PETNAME) values (1665659628492,'m11',2,'스페니쉬워터독','샤샤');
Insert into GUEST (GUESTID,USERID,ROLENUM,PETCATG,PETNAME) values (1665659661311,'m12',2,'시바','후추');
Insert into GUEST (GUESTID,USERID,ROLENUM,PETCATG,PETNAME) values (1665659732328,'m13',2,'실키테리어','강강이');
Insert into GUEST (GUESTID,USERID,ROLENUM,PETCATG,PETNAME) values (1665659775271,'m14',2,'스페니쉬워터독','물물이');
Insert into GUEST (GUESTID,USERID,ROLENUM,PETCATG,PETNAME) values (1665659906620,'m17',2,'웰시코기','코코');
Insert into GUEST (GUESTID,USERID,ROLENUM,PETCATG,PETNAME) values (1665659944827,'m18',2,'잉글리쉬토이스패니얼','주주');
Insert into GUEST (GUESTID,USERID,ROLENUM,PETCATG,PETNAME) values (1665659976050,'m19',2,'엔틀버쳐마운틴독','버버');
Insert into GUEST (GUESTID,USERID,ROLENUM,PETCATG,PETNAME) values (1665660139823,'wal',2,'사모예드','yedi');
Insert into GUEST (GUESTID,USERID,ROLENUM,PETCATG,PETNAME) values (1665660261743,'m1',2,'말티즈','왈왈이');
Insert into GUEST (GUESTID,USERID,ROLENUM,PETCATG,PETNAME) values (1666242032258,'q1',2,'강아지','쿠키');
Insert into GUEST (GUESTID,USERID,ROLENUM,PETCATG,PETNAME) values (1666245515454,'test20',2,'강아지','두부');
Insert into GUEST (GUESTID,USERID,ROLENUM,PETCATG,PETNAME) values (1665537413173,'m2',2,'그레이하운드','그르릉');
Insert into GUEST (GUESTID,USERID,ROLENUM,PETCATG,PETNAME) values (1665537776688,'m5',2,'그레이하운드','달달이');
Insert into GUEST (GUESTID,USERID,ROLENUM,PETCATG,PETNAME) values (1665538137275,'m9',2,'사모예드','콩고물');
Insert into GUEST (GUESTID,USERID,ROLENUM,PETCATG,PETNAME) values (1665539107671,'m12',2,'시바','후추');
Insert into GUEST (GUESTID,USERID,ROLENUM,PETCATG,PETNAME) values (1665542250251,'m16',2,'엔틀버쳐마운틴독','파파');
Insert into GUEST (GUESTID,USERID,ROLENUM,PETCATG,PETNAME) values (1665542559547,'m20',2,'차우차우','차차');
Insert into GUEST (GUESTID,USERID,ROLENUM,PETCATG,PETNAME) values (1665712051692,'2480614670',2,'강아지','동글이');
Insert into GUEST (GUESTID,USERID,ROLENUM,PETCATG,PETNAME) values (1665649419827,'jw',2,'gg','gg');
Insert into GUEST (GUESTID,USERID,ROLENUM,PETCATG,PETNAME) values (1665652912076,'m1',2,'말티즈','왈왈이');
Insert into GUEST (GUESTID,USERID,ROLENUM,PETCATG,PETNAME) values (1665712484781,'m1',2,'말티즈','왈왈이');
Insert into GUEST (GUESTID,USERID,ROLENUM,PETCATG,PETNAME) values (1665712528588,'rhm1005',2,'강아지','동글이');
Insert into GUEST (GUESTID,USERID,ROLENUM,PETCATG,PETNAME) values (1665655084726,'jwjw',2,'dsfs','sdfs');
REM INSERTING into MEMBER
SET DEFINE OFF;
Insert into MEMBER (USERID,ROLENUM,USERNAME,PASSWORD,EMAIL,PHONE,ADDRESS,BLOCK,AGMAIL,AGVALUE,AGMES,ITEMZIPCODE,DEADDRESS) values ('jwjwjw',2,'wldnjs','ghkdlxld','gdfg@naver.com',1099999999,'서울 동대문구 하정로 5 (신설동)',0,1,1,1,2586,'rherh');
Insert into MEMBER (USERID,ROLENUM,USERNAME,PASSWORD,EMAIL,PHONE,ADDRESS,BLOCK,AGMAIL,AGVALUE,AGMES,ITEMZIPCODE,DEADDRESS) values ('ghkdlxld11',1,'KIM','ghkdlxld','kimhy@gmail.com',1078945412,'경기 성남시 분당구 판교역로 4 (백현동)',0,1,1,0,13536,'123');
Insert into MEMBER (USERID,ROLENUM,USERNAME,PASSWORD,EMAIL,PHONE,ADDRESS,BLOCK,AGMAIL,AGVALUE,AGMES,ITEMZIPCODE,DEADDRESS) values ('m6',2,'suji','ghkdlxld','dsfnjd@naver.com',1027362534,'서울 용산구 남산공원길 123 (용산동2가)',1,1,1,0,4340,'9층');
Insert into MEMBER (USERID,ROLENUM,USERNAME,PASSWORD,EMAIL,PHONE,ADDRESS,BLOCK,AGMAIL,AGVALUE,AGMES,ITEMZIPCODE,DEADDRESS) values ('m7',2,'gudi','ghkdlxld','dfnjnd@naver.com',1082736253,'경기 광주시 곤지암읍 경충대로 765',0,1,1,0,12805,'12층');
Insert into MEMBER (USERID,ROLENUM,USERNAME,PASSWORD,EMAIL,PHONE,ADDRESS,BLOCK,AGMAIL,AGVALUE,AGMES,ITEMZIPCODE,DEADDRESS) values ('m8',2,'ralral','ghkdlxld','weiew@naver.com',1092837263,'경기 성남시 분당구 경부고속도로 409 (삼평동)',1,1,1,0,13473,'고속도로 위');
Insert into MEMBER (USERID,ROLENUM,USERNAME,PASSWORD,EMAIL,PHONE,ADDRESS,BLOCK,AGMAIL,AGVALUE,AGMES,ITEMZIPCODE,DEADDRESS) values ('m10',2,'nux','ghkdlxld','fdgd@gmail.com',1022223333,'서울 양천구 가로공원로 66 (신월동)',0,1,1,0,7910,'0층');
Insert into MEMBER (USERID,ROLENUM,USERNAME,PASSWORD,EMAIL,PHONE,ADDRESS,BLOCK,AGMAIL,AGVALUE,AGMES,ITEMZIPCODE,DEADDRESS) values ('m11',2,'seojun','ghkdlxld','fgdg@naver.com',1082823939,'서울 마포구 가양대로 2 (상암동)',0,1,1,0,3900,'5층');
Insert into MEMBER (USERID,ROLENUM,USERNAME,PASSWORD,EMAIL,PHONE,ADDRESS,BLOCK,AGMAIL,AGVALUE,AGMES,ITEMZIPCODE,DEADDRESS) values ('m18',2,'youngwon','ghkdlxld','fgdf@naver.com',1088876665,'서울 서초구 사임당로 9 (서초동)',0,1,1,0,6649,'1층');
Insert into MEMBER (USERID,ROLENUM,USERNAME,PASSWORD,EMAIL,PHONE,ADDRESS,BLOCK,AGMAIL,AGVALUE,AGMES,ITEMZIPCODE,DEADDRESS) values ('s3',1,'seller3','ghkdlxld','rfghh@naver.com',1099976663,'서울 성동구 난계로 67 (하왕십리동)',0,1,1,0,4721,'노점상구석');
Insert into MEMBER (USERID,ROLENUM,USERNAME,PASSWORD,EMAIL,PHONE,ADDRESS,BLOCK,AGMAIL,AGVALUE,AGMES,ITEMZIPCODE,DEADDRESS) values ('s4',1,'seller4','ghkdlxld','kjkj@naver.com',1093984636,'인천 부평구 광장로 6 (부평동)',0,1,1,0,21404,'지구대노점상');
Insert into MEMBER (USERID,ROLENUM,USERNAME,PASSWORD,EMAIL,PHONE,ADDRESS,BLOCK,AGMAIL,AGVALUE,AGMES,ITEMZIPCODE,DEADDRESS) values ('jwjw',2,'wldnjs','ghkdlxld','dfsdf@naver.com',1037373737,'대구 달성군 화원읍 류목정길 5',1,1,1,0,42957,'dsfs');
Insert into MEMBER (USERID,ROLENUM,USERNAME,PASSWORD,EMAIL,PHONE,ADDRESS,BLOCK,AGMAIL,AGVALUE,AGMES,ITEMZIPCODE,DEADDRESS) values ('er',2,'wldnjs','ghkdlxld','g1room@naver.com',1088887777,'부산 강서구 르노삼성대로 255 (명지동)',0,1,1,1,46726,'def');
Insert into MEMBER (USERID,ROLENUM,USERNAME,PASSWORD,EMAIL,PHONE,ADDRESS,BLOCK,AGMAIL,AGVALUE,AGMES,ITEMZIPCODE,DEADDRESS) values ('w3',2,'son','ghkdlxld','w3@naver.com',10333333333,'서울 금천구 가산디지털1로 1 (가산동)',0,1,1,1,8594,'105호');
Insert into MEMBER (USERID,ROLENUM,USERNAME,PASSWORD,EMAIL,PHONE,ADDRESS,BLOCK,AGMAIL,AGVALUE,AGMES,ITEMZIPCODE,DEADDRESS) values ('xptmxm1',2,'홍길동','xptmxm1','test1@naver.com',10678012341,'서울 강동구 성내로 32 (성내동)',0,1,1,1,5399,'123');
Insert into MEMBER (USERID,ROLENUM,USERNAME,PASSWORD,EMAIL,PHONE,ADDRESS,BLOCK,AGMAIL,AGVALUE,AGMES,ITEMZIPCODE,DEADDRESS) values ('m14',2,'gongju','ghkdlxld','sdf@naver.com',1092928364,'경기 용인시 기흥구 동백죽전대로556번길 1 (동백동)',0,1,1,0,16998,'죽전');
Insert into MEMBER (USERID,ROLENUM,USERNAME,PASSWORD,EMAIL,PHONE,ADDRESS,BLOCK,AGMAIL,AGVALUE,AGMES,ITEMZIPCODE,DEADDRESS) values ('wal',2,'walwalwal','511121','g1room@naver.com',2345235,'경기 안양시 만안구 경수대로 1192 (석수동)',0,1,1,0,13912,'205호');
Insert into MEMBER (USERID,ROLENUM,USERNAME,PASSWORD,EMAIL,PHONE,ADDRESS,BLOCK,AGMAIL,AGVALUE,AGMES,ITEMZIPCODE,DEADDRESS) values ('rhm1005',2,'류형민','ghkdlxld','dbgudals2004@gmail.com',1022401469,'서울 금천구 가산디지털2로 115 (가산동)',0,1,1,0,8505,'구디아카데미');
Insert into MEMBER (USERID,ROLENUM,USERNAME,PASSWORD,EMAIL,PHONE,ADDRESS,BLOCK,AGMAIL,AGVALUE,AGMES,ITEMZIPCODE,DEADDRESS) values ('m13',2,'kai','ghkdlxld','dfsd@naver.com',1028283736,'경북 문경시 문경읍 새재로 906',0,1,1,0,36919,'9층');
Insert into MEMBER (USERID,ROLENUM,USERNAME,PASSWORD,EMAIL,PHONE,ADDRESS,BLOCK,AGMAIL,AGVALUE,AGMES,ITEMZIPCODE,DEADDRESS) values ('m15',2,'wangja','ghkdlxld','fgd@naver.com',1023345643,'경기 성남시 분당구 판교백현로 20 (백현동)',0,1,1,0,13539,'12층');
Insert into MEMBER (USERID,ROLENUM,USERNAME,PASSWORD,EMAIL,PHONE,ADDRESS,BLOCK,AGMAIL,AGVALUE,AGMES,ITEMZIPCODE,DEADDRESS) values ('gooddog777',1,'박구디','ghkdlxld','gdgd77@gmail.com',1045129563,'경기 이천시 애련정로 67-23 (안흥동, 이천코아루휴티스1단지)',0,1,1,0,17372,'12');
Insert into MEMBER (USERID,ROLENUM,USERNAME,PASSWORD,EMAIL,PHONE,ADDRESS,BLOCK,AGMAIL,AGVALUE,AGMES,ITEMZIPCODE,DEADDRESS) values ('happy77puppy',1,'한소희','ghkdlxld','hsh1234@gmail.com',1074852636,'인천 연수구 테크노파크로 200 (송도동)',0,1,1,0,22004,'소희집');
Insert into MEMBER (USERID,ROLENUM,USERNAME,PASSWORD,EMAIL,PHONE,ADDRESS,BLOCK,AGMAIL,AGVALUE,AGMES,ITEMZIPCODE,DEADDRESS) values ('m17',2,'hyunjo','ghkdlxld','ji@naver.com',1028283645,'서울 마포구 한강난지로 162 (상암동)',0,1,1,0,3900,'9층');
Insert into MEMBER (USERID,ROLENUM,USERNAME,PASSWORD,EMAIL,PHONE,ADDRESS,BLOCK,AGMAIL,AGVALUE,AGMES,ITEMZIPCODE,DEADDRESS) values ('m19',2,'hanbeul','ghkdlxld','fgdfg@naver.com',1022229999,'서울 종로구 행촌동 206-29',0,1,1,0,3029,'사남길');
Insert into MEMBER (USERID,ROLENUM,USERNAME,PASSWORD,EMAIL,PHONE,ADDRESS,BLOCK,AGMAIL,AGVALUE,AGMES,ITEMZIPCODE,DEADDRESS) values ('s1',1,'seller1','ghkdlxld','jiwon1789@naver.com',1011112222,'서울 금천구 가산로 3 (독산동)',0,1,1,0,8577,'구디');
Insert into MEMBER (USERID,ROLENUM,USERNAME,PASSWORD,EMAIL,PHONE,ADDRESS,BLOCK,AGMAIL,AGVALUE,AGMES,ITEMZIPCODE,DEADDRESS) values ('s2',1,'seller2','ghkdlxld','juhjg@naver.com',1022222223,'서울 성북구 혜화로 82 (성북동)',0,1,1,0,2880,'쌈지길노점상');
Insert into MEMBER (USERID,ROLENUM,USERNAME,PASSWORD,EMAIL,PHONE,ADDRESS,BLOCK,AGMAIL,AGVALUE,AGMES,ITEMZIPCODE,DEADDRESS) values ('puppylove34',1,'강아지','ghkdlxld','pkang34@gmail.com',1078785263,'인천 강화군 내가면 황청포구로462번길 4-55',0,1,1,0,23017,'아지네 집');
Insert into MEMBER (USERID,ROLENUM,USERNAME,PASSWORD,EMAIL,PHONE,ADDRESS,BLOCK,AGMAIL,AGVALUE,AGMES,ITEMZIPCODE,DEADDRESS) values ('s8',1,'seller8','ghkdlxld','rger@naver.com',1099987773,'서울 구로구 경서로 6 (고척동)',0,1,1,0,8226,'고척노점상');
Insert into MEMBER (USERID,ROLENUM,USERNAME,PASSWORD,EMAIL,PHONE,ADDRESS,BLOCK,AGMAIL,AGVALUE,AGMES,ITEMZIPCODE,DEADDRESS) values ('s9',1,'seller9','ghkdlxld','jdsks@naver.com',1092928383,'부산 강서구 르노삼성대로 14 (신호동)',0,1,1,0,46760,'gfg@naver.com');
Insert into MEMBER (USERID,ROLENUM,USERNAME,PASSWORD,EMAIL,PHONE,ADDRESS,BLOCK,AGMAIL,AGVALUE,AGMES,ITEMZIPCODE,DEADDRESS) values ('s10',1,'seller10','ghkdlxld','dfk@naver.com',1028283737,'서울 동작구 서달로 50-14 (흑석동)',0,1,1,0,6987,'중앙대');
Insert into MEMBER (USERID,ROLENUM,USERNAME,PASSWORD,EMAIL,PHONE,ADDRESS,BLOCK,AGMAIL,AGVALUE,AGMES,ITEMZIPCODE,DEADDRESS) values ('w2',2,'rola','ghkdlxld','sk@naver.com',10222222222,'서울 동대문구 사가정로 6 (답십리동, 청계G well estates)',0,1,1,1,2603,'하하로');
Insert into MEMBER (USERID,ROLENUM,USERNAME,PASSWORD,EMAIL,PHONE,ADDRESS,BLOCK,AGMAIL,AGVALUE,AGMES,ITEMZIPCODE,DEADDRESS) values ('gh',2,'rmsgh','ghkdlxld','fjdsf@naver.com',1099998888,'대구 달성군 화원읍 류목정길 5',0,1,1,1,42957,'ef');
Insert into MEMBER (USERID,ROLENUM,USERNAME,PASSWORD,EMAIL,PHONE,ADDRESS,BLOCK,AGMAIL,AGVALUE,AGMES,ITEMZIPCODE,DEADDRESS) values ('m1',2,'jiwon','ghkdlxld','g1room@naver.com',1098011799,'서울 용산구 독서당로 111 (한남동, 한남더힐)',0,1,1,0,4419,'스카이캐슬');
Insert into MEMBER (USERID,ROLENUM,USERNAME,PASSWORD,EMAIL,PHONE,ADDRESS,BLOCK,AGMAIL,AGVALUE,AGMES,ITEMZIPCODE,DEADDRESS) values ('m2',2,'jongsuck','ghkdlxld','sjdids@naver.com',1022933234,'서울 강서구 등촌로 57 (화곡동)',0,1,1,0,7741,'3층');
Insert into MEMBER (USERID,ROLENUM,USERNAME,PASSWORD,EMAIL,PHONE,ADDRESS,BLOCK,AGMAIL,AGVALUE,AGMES,ITEMZIPCODE,DEADDRESS) values ('m3',2,'doyoung','ghkdlxld','dfhsjd@naver.com',1099923332,'경기 구리시 벌말로 88 (토평동)',0,1,1,1,11960,'4층');
Insert into MEMBER (USERID,ROLENUM,USERNAME,PASSWORD,EMAIL,PHONE,ADDRESS,BLOCK,AGMAIL,AGVALUE,AGMES,ITEMZIPCODE,DEADDRESS) values ('m4',2,'djdwk@naver.com','ghkdlxld','jdjd@naver.com',1099827732,'인천 남동구 경인로 750 (간석동)',0,1,1,1,21514,'1층');
Insert into MEMBER (USERID,ROLENUM,USERNAME,PASSWORD,EMAIL,PHONE,ADDRESS,BLOCK,AGMAIL,AGVALUE,AGMES,ITEMZIPCODE,DEADDRESS) values ('q1',2,'q1','ghkdlxld','q1@naver.com',101231423523512,'서울 강동구 성내로 32 (성내동)',0,1,1,1,5399,'123');
Insert into MEMBER (USERID,ROLENUM,USERNAME,PASSWORD,EMAIL,PHONE,ADDRESS,BLOCK,AGMAIL,AGVALUE,AGMES,ITEMZIPCODE,DEADDRESS) values ('w1',2,'gunho','ghkdlxld','g1room@naver.com',10111111111,'서울 광진구 워커힐로 13 (광장동, 광장동서울아파트)',0,1,1,1,4984,'스타벅스');
Insert into MEMBER (USERID,ROLENUM,USERNAME,PASSWORD,EMAIL,PHONE,ADDRESS,BLOCK,AGMAIL,AGVALUE,AGMES,ITEMZIPCODE,DEADDRESS) values ('test20',2,'hyeongmin','ghkdlxld','test20@naver.com',1021314235234,'서울 구로구 가마산로 87 (구로동, 한일유앤아이아파트)',0,1,1,1,8327,'208동 102호');
Insert into MEMBER (USERID,ROLENUM,USERNAME,PASSWORD,EMAIL,PHONE,ADDRESS,BLOCK,AGMAIL,AGVALUE,AGMES,ITEMZIPCODE,DEADDRESS) values ('m5',2,'doujun','ghkdlxld','sdhf@naver.com',1022321123,'강원 동해시 해안로 368 (평릉동)',0,1,1,0,25737,'5층');
Insert into MEMBER (USERID,ROLENUM,USERNAME,PASSWORD,EMAIL,PHONE,ADDRESS,BLOCK,AGMAIL,AGVALUE,AGMES,ITEMZIPCODE,DEADDRESS) values ('m9',2,'yearin','ghkdlxld','hfgh@naver.com',1027273645,'경기 성남시 분당구 대왕판교로 477 (판교동)',0,1,1,0,13480,'6층');
Insert into MEMBER (USERID,ROLENUM,USERNAME,PASSWORD,EMAIL,PHONE,ADDRESS,BLOCK,AGMAIL,AGVALUE,AGMES,ITEMZIPCODE,DEADDRESS) values ('m12',2,'treaser','ghkdlxld','fsfd@naver.com',1092923838,'대전 서구 계백로 1128 (가수원동)',0,1,1,0,35385,'루프탑');
Insert into MEMBER (USERID,ROLENUM,USERNAME,PASSWORD,EMAIL,PHONE,ADDRESS,BLOCK,AGMAIL,AGVALUE,AGMES,ITEMZIPCODE,DEADDRESS) values ('m16',2,'yeaji','ghkdlxld','dsdf@naver.com',1092827362,'서울 성북구 동소문로 264-1 (하월곡동)',0,1,1,0,2734,'6층');
Insert into MEMBER (USERID,ROLENUM,USERNAME,PASSWORD,EMAIL,PHONE,ADDRESS,BLOCK,AGMAIL,AGVALUE,AGMES,ITEMZIPCODE,DEADDRESS) values ('m20',2,'hyogyeong','ghkdlxld','sdfsg@naver.com',1055543332,'서울 마포구 토정로 157 (하중동)',0,1,1,0,4077,'토지');
Insert into MEMBER (USERID,ROLENUM,USERNAME,PASSWORD,EMAIL,PHONE,ADDRESS,BLOCK,AGMAIL,AGVALUE,AGMES,ITEMZIPCODE,DEADDRESS) values ('s5',1,' seller5','ghkdlxld','hhjg@naver.com',1099863338,'부산 강서구 거가대로 2659 (천성동)',0,1,1,0,46770,'거가대로중앙노점상');
Insert into MEMBER (USERID,ROLENUM,USERNAME,PASSWORD,EMAIL,PHONE,ADDRESS,BLOCK,AGMAIL,AGVALUE,AGMES,ITEMZIPCODE,DEADDRESS) values ('s6',1,'seller6','ghkdlxld','gjgkh@narver.com',1077726663,'부산 금정구 상마2길 27 (청룡동)',0,1,1,0,46200,'금정노점상');
Insert into MEMBER (USERID,ROLENUM,USERNAME,PASSWORD,EMAIL,PHONE,ADDRESS,BLOCK,AGMAIL,AGVALUE,AGMES,ITEMZIPCODE,DEADDRESS) values ('ilovedog52',1,'이대조','ghkdlxld','doglee52@gmail.com',1054897485,'서울 영등포구 여의대로 108 (여의도동)',0,1,1,0,7335,'대조네 집');
Insert into MEMBER (USERID,ROLENUM,USERNAME,PASSWORD,EMAIL,PHONE,ADDRESS,BLOCK,AGMAIL,AGVALUE,AGMES,ITEMZIPCODE,DEADDRESS) values ('s7',1,'seller7','ghkdlxld','jinn@naver.com',1098372635,'서울 마포구 마포대로 지하 100 (공덕동)',0,1,1,0,4213,'공덕노점상');
Insert into MEMBER (USERID,ROLENUM,USERNAME,PASSWORD,EMAIL,PHONE,ADDRESS,BLOCK,AGMAIL,AGVALUE,AGMES,ITEMZIPCODE,DEADDRESS) values ('admin',0,'admin','ghkdlxld','admin@walwal.com',1000000000,'없음',0,0,0,0,1,'없음');
Insert into MEMBER (USERID,ROLENUM,USERNAME,PASSWORD,EMAIL,PHONE,ADDRESS,BLOCK,AGMAIL,AGVALUE,AGMES,ITEMZIPCODE,DEADDRESS) values ('2480614670',2,'류형민','ghkdlxld','asdf@naver.com',100000000000,'서울 강동구 성내로 32 (성내동)',null,null,null,1,5399,'123');
Insert into MEMBER (USERID,ROLENUM,USERNAME,PASSWORD,EMAIL,PHONE,ADDRESS,BLOCK,AGMAIL,AGVALUE,AGMES,ITEMZIPCODE,DEADDRESS) values ('jw',2,'jiwonlee','ghkdlxld','jdsk@naver.com',10929833333,'충남 보령시 천북면 하학로 8',0,1,1,1,33402,'gg');
Insert into MEMBER (USERID,ROLENUM,USERNAME,PASSWORD,EMAIL,PHONE,ADDRESS,BLOCK,AGMAIL,AGVALUE,AGMES,ITEMZIPCODE,DEADDRESS) values ('2475776111',2,'지원','ghkdlxld','g1room@naver.com',1022345554,'서울 강서구 허준로 9 (가양동)',null,null,null,1,7524,'ggg');
REM INSERTING into MEMFILE
SET DEFINE OFF;
Insert into MEMFILE (FILENUM,FILENAME,ORINAME,USERID) values (104,'5b69cb09-3c25-4b71-94df-db8a1bdec408_%E1%84%87%E1%85%A1%E1%86%AB%E1%84%85%E1%85%A7%E1%84%80%E1%85%A7%E1%86%AB%E1%84%8F%E1%85%B5%E1%84%8B%E1%85%AF%E1%84%8B%E1%85%AD1.jpg','반려견키워요1.jpg','jwjwjw');
Insert into MEMFILE (FILENUM,FILENAME,ORINAME,USERID) values (62,'e2123a98-a6cf-4d37-9faa-029c10ce0faa_gray.jpg','gray.jpg','m6');
Insert into MEMFILE (FILENUM,FILENAME,ORINAME,USERID) values (63,'d86506cb-5d9a-48c8-a3b9-13d40ae0835d_gray2.jpg','gray2.jpg','m7');
Insert into MEMFILE (FILENUM,FILENAME,ORINAME,USERID) values (64,'b485af2a-ca57-4d36-92da-fd9f020e70ae_mal.jpg','mal.jpg','m8');
Insert into MEMFILE (FILENUM,FILENAME,ORINAME,USERID) values (66,'1652b0c3-5e17-4348-a515-3c5c2b813a41_rew.jpg','rew.jpg','m10');
Insert into MEMFILE (FILENUM,FILENAME,ORINAME,USERID) values (67,'961866cb-2107-41bd-8968-4799413ae36c_sewea.jpg','sewea.jpg','m11');
Insert into MEMFILE (FILENUM,FILENAME,ORINAME,USERID) values (74,'83511324-c2d6-4085-b423-0a63318be6c4_blue.jpg','blue.jpg','m18');
Insert into MEMFILE (FILENUM,FILENAME,ORINAME,USERID) values (103,'40a71a0e-3227-4649-a7f1-1940665d20db_wallpaperbetter.com_2561x1601.jpg','wallpaperbetter.com_2561x1601.jpg','jwjw');
Insert into MEMFILE (FILENUM,FILENAME,ORINAME,USERID) values (105,'bf6db858-cc65-4a70-ba66-3f6e925bfd2b.jpg','반려견키워요2.jpg','er');
Insert into MEMFILE (FILENUM,FILENAME,ORINAME,USERID) values (110,'91b38d20-c33e-49f3-9d53-0dec805ca446_sa.jpg','sa.jpg','w3');
Insert into MEMFILE (FILENUM,FILENAME,ORINAME,USERID) values (141,'0040640a-5687-48bd-a527-b721464630bd_포메라니안.jpg','포메라니안.jpg','xptmxm1');
Insert into MEMFILE (FILENUM,FILENAME,ORINAME,USERID) values (1,'699c97c4-ee1c-43a0-9c6e-68e628aed67f_사모예드.jpg','사모예드.jpg','wal');
Insert into MEMFILE (FILENUM,FILENAME,ORINAME,USERID) values (21,'77e95ad2-bf96-496f-b512-e0b7a0360168_포메라니안.jpg','포메라니안.jpg','rhm1005');
Insert into MEMFILE (FILENUM,FILENAME,ORINAME,USERID) values (69,'d355a224-ea6c-4e61-a53b-83053664b7e4_sichu.jpg','sichu.jpg','m13');
Insert into MEMFILE (FILENUM,FILENAME,ORINAME,USERID) values (70,'1b6215c5-328c-4364-87bd-591f31756f70_silkey.jpg','silkey.jpg','m14');
Insert into MEMFILE (FILENUM,FILENAME,ORINAME,USERID) values (71,'a3bda1eb-cbc2-4228-9de2-78a38a751efc_water.jpg','water.jpg','m15');
Insert into MEMFILE (FILENUM,FILENAME,ORINAME,USERID) values (73,'7574e48d-7a39-4d7c-9831-0a32e9d1ff17_bar.jpg','bar.jpg','m17');
Insert into MEMFILE (FILENUM,FILENAME,ORINAME,USERID) values (75,'403881ba-cb07-453c-ab3c-7e3561ebda14_docs.jpg','docs.jpg','m19');
Insert into MEMFILE (FILENUM,FILENAME,ORINAME,USERID) values (101,'c3d4d196-8469-4396-a05f-e2c1e9a6a25b_coupon.jpg','coupon.jpg','2475776111');
Insert into MEMFILE (FILENUM,FILENAME,ORINAME,USERID) values (109,'65b09d83-e102-41be-b97f-229fff40cf81_bisong.jpg','bisong.jpg','w2');
Insert into MEMFILE (FILENUM,FILENAME,ORINAME,USERID) values (41,'ece04ee1-5b51-4cac-b9f6-27d94d40698b_엔틀버쳐마운틴독2.jpg','엔틀버쳐마운틴독2.jpg','m1');
Insert into MEMFILE (FILENUM,FILENAME,ORINAME,USERID) values (43,'3c264e40-d9a5-4e5d-bae2-5259644cbeba_docs.jpg','docs.jpg','m3');
Insert into MEMFILE (FILENUM,FILENAME,ORINAME,USERID) values (44,'7f770b1a-cb95-48ab-922f-48a93be722a1_bar.jpg','bar.jpg','m4');
Insert into MEMFILE (FILENUM,FILENAME,ORINAME,USERID) values (106,'3f4162ea-f36b-4f27-ba65-b5124cb033e4.jpg','beenj.jpg','gh');
Insert into MEMFILE (FILENUM,FILENAME,ORINAME,USERID) values (181,'860d0b59-c6eb-441c-a67a-6f8b4a758445_말티즈.jpg','말티즈.jpg','test20');
Insert into MEMFILE (FILENUM,FILENAME,ORINAME,USERID) values (108,'4075ed7c-533d-454a-be49-1d43bf49a827_gray.jpg','gray.jpg','w1');
Insert into MEMFILE (FILENUM,FILENAME,ORINAME,USERID) values (161,'e0dc7dee-2bea-4bb4-a04c-c4ee4df3c69a_블루틱쿤하운드.jpg','블루틱쿤하운드.jpg','q1');
Insert into MEMFILE (FILENUM,FILENAME,ORINAME,USERID) values (42,'4d4e0f18-2d46-4c24-b9b8-387563ff5147_91b38d20-c33e-49f3-9d53-0dec805ca446_sa.jpg','91b38d20-c33e-49f3-9d53-0dec805ca446_sa.jpg','m2');
Insert into MEMFILE (FILENUM,FILENAME,ORINAME,USERID) values (61,'e2dab889-6518-40a1-8d65-ced8642fb83c_blue.jpg','blue.jpg','m5');
Insert into MEMFILE (FILENUM,FILENAME,ORINAME,USERID) values (65,'9c9badd6-5624-4f1d-8a4b-3db47ea47a54_rat.jpg','rat.jpg','m9');
Insert into MEMFILE (FILENUM,FILENAME,ORINAME,USERID) values (68,'33c7a0ee-3086-45f8-aa7c-698305562536_siba.jpg','siba.jpg','m12');
Insert into MEMFILE (FILENUM,FILENAME,ORINAME,USERID) values (72,'06e062d8-b3dc-48ec-8cd8-769b22245f5b_bi.jpg','bi.jpg','m16');
Insert into MEMFILE (FILENUM,FILENAME,ORINAME,USERID) values (76,'a5ecac4b-77f4-4201-90d0-e4500cdab92a_sa.jpg','sa.jpg','m20');
Insert into MEMFILE (FILENUM,FILENAME,ORINAME,USERID) values (121,'b7843ffe-3120-483b-a7c1-28e451ee5356_그레이하운드1.jpg','그레이하운드1.jpg','2480614670');
Insert into MEMFILE (FILENUM,FILENAME,ORINAME,USERID) values (102,'264623bd-ffa7-45a4-9f20-9bd4b5c3a332_반려견키워요1.jpg','반려견키워요1.jpg','jw');
REM INSERTING into NOTICE
SET DEFINE OFF;
Insert into NOTICE (NUM,TITLE,WRITER,REGDATE,HIT) values (2,null,null,to_date('22/10/12','RR/MM/DD'),0);
Insert into NOTICE (NUM,TITLE,WRITER,REGDATE,HIT) values (3,null,null,to_date('22/10/12','RR/MM/DD'),0);
Insert into NOTICE (NUM,TITLE,WRITER,REGDATE,HIT) values (1,null,null,to_date('22/10/12','RR/MM/DD'),0);
Insert into NOTICE (NUM,TITLE,WRITER,REGDATE,HIT) values (4,'[안내] 개인정보 처리방침 개정 안내','admin',to_date('22/10/13','RR/MM/DD'),7);
Insert into NOTICE (NUM,TITLE,WRITER,REGDATE,HIT) values (5,'[점검] WALWAL 사이트 이용 일시 중단','admin',to_date('22/10/18','RR/MM/DD'),0);
Insert into NOTICE (NUM,TITLE,WRITER,REGDATE,HIT) values (6,'[안내] 추석연휴 고객센터 휴무 및 예약 안내','admin',to_date('22/10/18','RR/MM/DD'),0);
Insert into NOTICE (NUM,TITLE,WRITER,REGDATE,HIT) values (7,'[안내] 농협은행 시스템 점검에 따른 계좌, 체크카드결제 서비스 일시 중단','admin',to_date('22/10/18','RR/MM/DD'),4);
Insert into NOTICE (NUM,TITLE,WRITER,REGDATE,HIT) values (8,'[안내] 구매회원 약관 개정','admin',to_date('22/10/18','RR/MM/DD'),0);
Insert into NOTICE (NUM,TITLE,WRITER,REGDATE,HIT) values (9,'[안내] 신한은행 승인 시스템 작업에 따른 결제 서비스 일시 중단','admin',to_date('22/10/18','RR/MM/DD'),2);
REM INSERTING into NOTICEFILE
SET DEFINE OFF;
REM INSERTING into PICK
SET DEFINE OFF;
Insert into PICK (PICKNUM,ITEMNUM,USERID,PICKDATE,PICKVALUE) values (123,71,'m1',to_date('22/10/13','RR/MM/DD'),1);
Insert into PICK (PICKNUM,ITEMNUM,USERID,PICKDATE,PICKVALUE) values (126,69,'m1',to_date('22/10/13','RR/MM/DD'),1);
Insert into PICK (PICKNUM,ITEMNUM,USERID,PICKDATE,PICKVALUE) values (121,71,'m1',to_date('22/10/13','RR/MM/DD'),1);
Insert into PICK (PICKNUM,ITEMNUM,USERID,PICKDATE,PICKVALUE) values (125,105,'m1',to_date('22/10/13','RR/MM/DD'),1);
Insert into PICK (PICKNUM,ITEMNUM,USERID,PICKDATE,PICKVALUE) values (82,67,'m1',to_date('22/10/12','RR/MM/DD'),1);
Insert into PICK (PICKNUM,ITEMNUM,USERID,PICKDATE,PICKVALUE) values (143,141,'ghkdlxld11',to_date('22/10/14','RR/MM/DD'),1);
Insert into PICK (PICKNUM,ITEMNUM,USERID,PICKDATE,PICKVALUE) values (83,65,'m1',to_date('22/10/12','RR/MM/DD'),1);
Insert into PICK (PICKNUM,ITEMNUM,USERID,PICKDATE,PICKVALUE) values (124,71,'m1',to_date('22/10/13','RR/MM/DD'),1);
Insert into PICK (PICKNUM,ITEMNUM,USERID,PICKDATE,PICKVALUE) values (122,71,'m1',to_date('22/10/13','RR/MM/DD'),1);
Insert into PICK (PICKNUM,ITEMNUM,USERID,PICKDATE,PICKVALUE) values (144,105,'wal',to_date('22/10/14','RR/MM/DD'),1);
Insert into PICK (PICKNUM,ITEMNUM,USERID,PICKDATE,PICKVALUE) values (145,105,'wal',to_date('22/10/14','RR/MM/DD'),1);
REM INSERTING into PURCHASE
SET DEFINE OFF;
Insert into PURCHASE (IMP_UID,MERCHANT_UID,ITEMNUM,AMOUNT,USERID,REVSTARTDATE,REVENDDATE,ADULTSCOUNT,DOGCOUNT,PURCHASEDATE,PURCHASESTATUS) values ('imp_993631851412',1665580620178,71,58500,'rhm1005',to_date('22/10/13','RR/MM/DD'),to_date('22/10/14','RR/MM/DD'),0,0,to_date('22/10/12','RR/MM/DD'),0);
Insert into PURCHASE (IMP_UID,MERCHANT_UID,ITEMNUM,AMOUNT,USERID,REVSTARTDATE,REVENDDATE,ADULTSCOUNT,DOGCOUNT,PURCHASEDATE,PURCHASESTATUS) values ('imp_752828407063',1665560814376,71,65000,'m1',to_date('22/10/13','RR/MM/DD'),to_date('22/10/13','RR/MM/DD'),0,0,to_date('22/10/12','RR/MM/DD'),0);
Insert into PURCHASE (IMP_UID,MERCHANT_UID,ITEMNUM,AMOUNT,USERID,REVSTARTDATE,REVENDDATE,ADULTSCOUNT,DOGCOUNT,PURCHASEDATE,PURCHASESTATUS) values ('imp_339069838166',1665648060325,105,60000,'wal',to_date('22/10/14','RR/MM/DD'),to_date('22/10/15','RR/MM/DD'),0,0,to_date('22/10/13','RR/MM/DD'),0);
Insert into PURCHASE (IMP_UID,MERCHANT_UID,ITEMNUM,AMOUNT,USERID,REVSTARTDATE,REVENDDATE,ADULTSCOUNT,DOGCOUNT,PURCHASEDATE,PURCHASESTATUS) values ('imp_006910352384',1665716854054,105,50000,'wal',to_date('22/10/15','RR/MM/DD'),to_date('22/10/16','RR/MM/DD'),0,0,to_date('22/10/14','RR/MM/DD'),0);
Insert into PURCHASE (IMP_UID,MERCHANT_UID,ITEMNUM,AMOUNT,USERID,REVSTARTDATE,REVENDDATE,ADULTSCOUNT,DOGCOUNT,PURCHASEDATE,PURCHASESTATUS) values ('imp_589330101662',1665717319216,105,50000,'wal',to_date('22/10/15','RR/MM/DD'),to_date('22/10/16','RR/MM/DD'),0,0,to_date('22/10/14','RR/MM/DD'),0);
Insert into PURCHASE (IMP_UID,MERCHANT_UID,ITEMNUM,AMOUNT,USERID,REVSTARTDATE,REVENDDATE,ADULTSCOUNT,DOGCOUNT,PURCHASEDATE,PURCHASESTATUS) values ('imp_345770014735',1665711754700,105,60000,'wal',to_date('22/10/15','RR/MM/DD'),to_date('22/10/16','RR/MM/DD'),0,0,to_date('22/10/14','RR/MM/DD'),0);
Insert into PURCHASE (IMP_UID,MERCHANT_UID,ITEMNUM,AMOUNT,USERID,REVSTARTDATE,REVENDDATE,ADULTSCOUNT,DOGCOUNT,PURCHASEDATE,PURCHASESTATUS) values ('imp_247039427206',1665711015263,105,60000,'m1',to_date('22/10/15','RR/MM/DD'),to_date('22/10/16','RR/MM/DD'),0,0,to_date('22/10/14','RR/MM/DD'),0);
Insert into PURCHASE (IMP_UID,MERCHANT_UID,ITEMNUM,AMOUNT,USERID,REVSTARTDATE,REVENDDATE,ADULTSCOUNT,DOGCOUNT,PURCHASEDATE,PURCHASESTATUS) values ('imp_231296831278',1665711272664,15,45000,'m5',to_date('22/10/28','RR/MM/DD'),to_date('22/10/29','RR/MM/DD'),0,0,to_date('22/10/14','RR/MM/DD'),0);
REM INSERTING into PURCHASECANCEL
SET DEFINE OFF;
Insert into PURCHASECANCEL (MERCHANT_UID,IMP_UID,REASON,CANCELDATE) values ('1665560814376','imp_752828407063','구매자 결제 환불',to_date('22/10/12','RR/MM/DD'));
Insert into PURCHASECANCEL (MERCHANT_UID,IMP_UID,REASON,CANCELDATE) values ('1665648060325','imp_339069838166','구매자 결제 환불',to_date('22/10/13','RR/MM/DD'));
Insert into PURCHASECANCEL (MERCHANT_UID,IMP_UID,REASON,CANCELDATE) values ('1665716854054','imp_006910352384','구매자 결제 환불',to_date('22/10/14','RR/MM/DD'));
Insert into PURCHASECANCEL (MERCHANT_UID,IMP_UID,REASON,CANCELDATE) values ('1665580620178','imp_993631851412','구매자 결제 환불',to_date('22/10/12','RR/MM/DD'));
Insert into PURCHASECANCEL (MERCHANT_UID,IMP_UID,REASON,CANCELDATE) values ('1665711754700','imp_345770014735','구매자 결제 환불',to_date('22/10/14','RR/MM/DD'));
Insert into PURCHASECANCEL (MERCHANT_UID,IMP_UID,REASON,CANCELDATE) values ('1665717319216','imp_589330101662','구매자 결제 환불',to_date('22/10/14','RR/MM/DD'));
Insert into PURCHASECANCEL (MERCHANT_UID,IMP_UID,REASON,CANCELDATE) values ('1665711015263','imp_247039427206','구매자 결제 환불',to_date('22/10/14','RR/MM/DD'));
Insert into PURCHASECANCEL (MERCHANT_UID,IMP_UID,REASON,CANCELDATE) values ('1665711272664','imp_231296831278','구매자 결제 환불',to_date('22/10/14','RR/MM/DD'));
REM INSERTING into QNA
SET DEFINE OFF;
Insert into QNA (NUM,TITLE,WRITER,REGDATE,HIT,REF,STEP,DEPTH) values (18,'re : 쿠폰 결제 적용 문의','admin',to_date('22/10/20','RR/MM/DD'),0,17,1,1);
Insert into QNA (NUM,TITLE,WRITER,REGDATE,HIT,REF,STEP,DEPTH) values (19,'[문의] 결제 취소 관련 문의','wldnjs',to_date('22/10/20','RR/MM/DD'),1,19,0,0);
Insert into QNA (NUM,TITLE,WRITER,REGDATE,HIT,REF,STEP,DEPTH) values (15,'[문의] 환불문의','wldnjs',to_date('22/10/20','RR/MM/DD'),1,15,0,0);
Insert into QNA (NUM,TITLE,WRITER,REGDATE,HIT,REF,STEP,DEPTH) values (20,'re : 결제 취소 관련 문의','admin',to_date('22/10/20','RR/MM/DD'),0,19,1,1);
Insert into QNA (NUM,TITLE,WRITER,REGDATE,HIT,REF,STEP,DEPTH) values (21,'[문의] 환불 규정 관련 문의','wldnjs',to_date('22/10/20','RR/MM/DD'),1,21,0,0);
Insert into QNA (NUM,TITLE,WRITER,REGDATE,HIT,REF,STEP,DEPTH) values (22,'re : 환불 규정 관련 문의','admin',to_date('22/10/20','RR/MM/DD'),0,21,1,1);
Insert into QNA (NUM,TITLE,WRITER,REGDATE,HIT,REF,STEP,DEPTH) values (16,'re : 환불문의','admin',to_date('22/10/20','RR/MM/DD'),0,15,1,1);
Insert into QNA (NUM,TITLE,WRITER,REGDATE,HIT,REF,STEP,DEPTH) values (17,'[문의] 쿠폰 결제 적용 문의','wldnjs',to_date('22/10/20','RR/MM/DD'),1,17,0,0);
Insert into QNA (NUM,TITLE,WRITER,REGDATE,HIT,REF,STEP,DEPTH) values (7,'[문의] 상품 결제 문의','류형민',to_date('22/10/20','RR/MM/DD'),1,7,0,0);
Insert into QNA (NUM,TITLE,WRITER,REGDATE,HIT,REF,STEP,DEPTH) values (12,'re : 상품 결제 문의','admin',to_date('22/10/20','RR/MM/DD'),0,7,1,1);
Insert into QNA (NUM,TITLE,WRITER,REGDATE,HIT,REF,STEP,DEPTH) values (14,'re : 상품 예약일자 변경 문의','admin',to_date('22/10/20','RR/MM/DD'),0,13,1,1);
Insert into QNA (NUM,TITLE,WRITER,REGDATE,HIT,REF,STEP,DEPTH) values (13,'[문의] 상품 예약 일자 변경 문의','walwalwal',to_date('22/10/20','RR/MM/DD'),1,13,0,0);
REM INSERTING into QNAFILE
SET DEFINE OFF;
REM INSERTING into REVIEW
SET DEFINE OFF;
Insert into REVIEW (RVNUM,ITEMNUM,USERID,RVTITLE,RVCONTENTS,RVRATE) values (21,105,'m1','리뷰 남겨요','강아지들이 불편해 하지 않고 꿀잠 잘 수 있는 애견호텔 너무 좋았어요. ',4.5);
Insert into REVIEW (RVNUM,ITEMNUM,USERID,RVTITLE,RVCONTENTS,RVRATE) values (25,105,'m5','생명의 은인','반려견이 도중에 아팠는데 24시간 케어에 수의사분이 계셔서 걱정없이 편하게 보낼수 있었습니다.',5);
Insert into REVIEW (RVNUM,ITEMNUM,USERID,RVTITLE,RVCONTENTS,RVRATE) values (23,105,'m3','반려견이랑 산책','실내공간도 크고 산책하는곳도 넓어서 반려견과 재밌게 놀다 갑니다^^',4.5);
Insert into REVIEW (RVNUM,ITEMNUM,USERID,RVTITLE,RVCONTENTS,RVRATE) values (1,31,'m1','리뷰글제목실험','hgkjkjhhlhl',4.5);
Insert into REVIEW (RVNUM,ITEMNUM,USERID,RVTITLE,RVCONTENTS,RVRATE) values (22,105,'m2','클린','시설이 깨끗해서 반려견들과 안심하고 뒹굴며 지낼 수 있는 최고의 애견호텔이였습니다!',4);
Insert into REVIEW (RVNUM,ITEMNUM,USERID,RVTITLE,RVCONTENTS,RVRATE) values (24,105,'m4','꿀잠','반려견이 시설이 좋아 편했는지 너무 잠만 자다 갔네요..ㅠ',2.5);
REM INSERTING into ROLE
SET DEFINE OFF;
Insert into ROLE (ROLENUM,ROLENAME) values (0,'admin');
Insert into ROLE (ROLENUM,ROLENAME) values (1,'seller');
Insert into ROLE (ROLENUM,ROLENAME) values (2,'guest');
REM INSERTING into RVCOMMENT
SET DEFINE OFF;
Insert into RVCOMMENT (RVCNUM,RVNUM,RVCWRITER,RVCCONTENTS,RVCREGDATE) values (27,23,'m5','산책하는데 너무 편안~',to_date('22/10/13','RR/MM/DD'));
Insert into RVCOMMENT (RVCNUM,RVNUM,RVCWRITER,RVCCONTENTS,RVCREGDATE) values (2,1,'m1','확인',to_date('22/10/12','RR/MM/DD'));
Insert into RVCOMMENT (RVCNUM,RVNUM,RVCWRITER,RVCCONTENTS,RVCREGDATE) values (28,25,'m1','큰일날뻔했네요',to_date('22/10/13','RR/MM/DD'));
Insert into RVCOMMENT (RVCNUM,RVNUM,RVCWRITER,RVCCONTENTS,RVCREGDATE) values (26,21,'m5','맞아요 너무 좋았습니다.',to_date('22/10/13','RR/MM/DD'));
REM INSERTING into RVFILE
SET DEFINE OFF;
Insert into RVFILE (PHOTONUM,RVNUM,ORINAME,FILENAME) values (208,21,'호텔내부(1).jpg','1665636489600_호텔내부(1).jpg');
Insert into RVFILE (PHOTONUM,RVNUM,ORINAME,FILENAME) values (209,21,'자는강쥐 (11).jpg','1665636489951_자는강쥐 (11).jpg');
Insert into RVFILE (PHOTONUM,RVNUM,ORINAME,FILENAME) values (210,21,'자는강쥐 (12).jpg','1665636490197_자는강쥐 (12).jpg');
Insert into RVFILE (PHOTONUM,RVNUM,ORINAME,FILENAME) values (216,25,'자는강쥐 (14).jpg','1665640363643_자는강쥐 (14).jpg');
Insert into RVFILE (PHOTONUM,RVNUM,ORINAME,FILENAME) values (217,25,'호텔 전경(1).jpg','1665640363790_호텔 전경(1).jpg');
Insert into RVFILE (PHOTONUM,RVNUM,ORINAME,FILENAME) values (218,25,'호텔내부(1).jpg','1665640363914_호텔내부(1).jpg');
Insert into RVFILE (PHOTONUM,RVNUM,ORINAME,FILENAME) values (219,25,'욕실(1).jpg','1665640364058_욕실(1).jpg');
Insert into RVFILE (PHOTONUM,RVNUM,ORINAME,FILENAME) values (220,25,'스파강쥐 (5).jpg','1665640364183_스파강쥐 (5).jpg');
Insert into RVFILE (PHOTONUM,RVNUM,ORINAME,FILENAME) values (213,23,'트레이닝 (5).jpg','1665639293043_트레이닝 (5).jpg');
Insert into RVFILE (PHOTONUM,RVNUM,ORINAME,FILENAME) values (214,23,'호텔내부(1).jpg','1665639293553_호텔내부(1).jpg');
Insert into RVFILE (PHOTONUM,RVNUM,ORINAME,FILENAME) values (190,1,'호텔내부.jpg','1665563839720_호텔내부.jpg');
Insert into RVFILE (PHOTONUM,RVNUM,ORINAME,FILENAME) values (211,22,'호텔 전경(1).jpg','1665638204636_호텔 전경(1).jpg');
Insert into RVFILE (PHOTONUM,RVNUM,ORINAME,FILENAME) values (212,22,'욕실(1).jpg','1665638204792_욕실(1).jpg');
Insert into RVFILE (PHOTONUM,RVNUM,ORINAME,FILENAME) values (215,24,'자는강쥐 (13).jpg','1665639563607_자는강쥐 (13).jpg');
REM INSERTING into SELLCATEGORY
SET DEFINE OFF;
Insert into SELLCATEGORY (SELLCATEGORYNUM,ITEMNUM,CATEGORYNUM) values (130,129,3);
Insert into SELLCATEGORY (SELLCATEGORYNUM,ITEMNUM,CATEGORYNUM) values (16,15,1);
Insert into SELLCATEGORY (SELLCATEGORYNUM,ITEMNUM,CATEGORYNUM) values (7,6,1);
Insert into SELLCATEGORY (SELLCATEGORYNUM,ITEMNUM,CATEGORYNUM) values (18,17,2);
Insert into SELLCATEGORY (SELLCATEGORYNUM,ITEMNUM,CATEGORYNUM) values (36,35,1);
Insert into SELLCATEGORY (SELLCATEGORYNUM,ITEMNUM,CATEGORYNUM) values (42,41,1);
Insert into SELLCATEGORY (SELLCATEGORYNUM,ITEMNUM,CATEGORYNUM) values (44,43,2);
Insert into SELLCATEGORY (SELLCATEGORYNUM,ITEMNUM,CATEGORYNUM) values (46,45,2);
Insert into SELLCATEGORY (SELLCATEGORYNUM,ITEMNUM,CATEGORYNUM) values (50,49,1);
Insert into SELLCATEGORY (SELLCATEGORYNUM,ITEMNUM,CATEGORYNUM) values (52,51,1);
Insert into SELLCATEGORY (SELLCATEGORYNUM,ITEMNUM,CATEGORYNUM) values (54,53,1);
Insert into SELLCATEGORY (SELLCATEGORYNUM,ITEMNUM,CATEGORYNUM) values (56,55,1);
Insert into SELLCATEGORY (SELLCATEGORYNUM,ITEMNUM,CATEGORYNUM) values (58,57,1);
Insert into SELLCATEGORY (SELLCATEGORYNUM,ITEMNUM,CATEGORYNUM) values (60,59,2);
Insert into SELLCATEGORY (SELLCATEGORYNUM,ITEMNUM,CATEGORYNUM) values (62,61,3);
Insert into SELLCATEGORY (SELLCATEGORYNUM,ITEMNUM,CATEGORYNUM) values (64,63,1);
Insert into SELLCATEGORY (SELLCATEGORYNUM,ITEMNUM,CATEGORYNUM) values (66,65,1);
Insert into SELLCATEGORY (SELLCATEGORYNUM,ITEMNUM,CATEGORYNUM) values (147,146,1);
Insert into SELLCATEGORY (SELLCATEGORYNUM,ITEMNUM,CATEGORYNUM) values (186,185,1);
Insert into SELLCATEGORY (SELLCATEGORYNUM,ITEMNUM,CATEGORYNUM) values (142,141,1);
Insert into SELLCATEGORY (SELLCATEGORYNUM,ITEMNUM,CATEGORYNUM) values (184,183,1);
Insert into SELLCATEGORY (SELLCATEGORYNUM,ITEMNUM,CATEGORYNUM) values (10,9,1);
Insert into SELLCATEGORY (SELLCATEGORYNUM,ITEMNUM,CATEGORYNUM) values (12,11,1);
Insert into SELLCATEGORY (SELLCATEGORYNUM,ITEMNUM,CATEGORYNUM) values (20,19,1);
Insert into SELLCATEGORY (SELLCATEGORYNUM,ITEMNUM,CATEGORYNUM) values (22,21,1);
Insert into SELLCATEGORY (SELLCATEGORYNUM,ITEMNUM,CATEGORYNUM) values (24,23,1);
Insert into SELLCATEGORY (SELLCATEGORYNUM,ITEMNUM,CATEGORYNUM) values (26,25,1);
Insert into SELLCATEGORY (SELLCATEGORYNUM,ITEMNUM,CATEGORYNUM) values (28,27,1);
Insert into SELLCATEGORY (SELLCATEGORYNUM,ITEMNUM,CATEGORYNUM) values (30,29,2);
Insert into SELLCATEGORY (SELLCATEGORYNUM,ITEMNUM,CATEGORYNUM) values (32,31,3);
Insert into SELLCATEGORY (SELLCATEGORYNUM,ITEMNUM,CATEGORYNUM) values (34,33,1);
Insert into SELLCATEGORY (SELLCATEGORYNUM,ITEMNUM,CATEGORYNUM) values (38,37,1);
Insert into SELLCATEGORY (SELLCATEGORYNUM,ITEMNUM,CATEGORYNUM) values (40,39,1);
Insert into SELLCATEGORY (SELLCATEGORYNUM,ITEMNUM,CATEGORYNUM) values (48,47,3);
Insert into SELLCATEGORY (SELLCATEGORYNUM,ITEMNUM,CATEGORYNUM) values (68,67,1);
Insert into SELLCATEGORY (SELLCATEGORYNUM,ITEMNUM,CATEGORYNUM) values (70,69,1);
Insert into SELLCATEGORY (SELLCATEGORYNUM,ITEMNUM,CATEGORYNUM) values (72,71,1);
Insert into SELLCATEGORY (SELLCATEGORYNUM,ITEMNUM,CATEGORYNUM) values (182,181,1);
Insert into SELLCATEGORY (SELLCATEGORYNUM,ITEMNUM,CATEGORYNUM) values (106,105,1);
Insert into SELLCATEGORY (SELLCATEGORYNUM,ITEMNUM,CATEGORYNUM) values (162,161,1);
Insert into SELLCATEGORY (SELLCATEGORYNUM,ITEMNUM,CATEGORYNUM) values (164,163,1);
Insert into SELLCATEGORY (SELLCATEGORYNUM,ITEMNUM,CATEGORYNUM) values (166,165,1);
REM INSERTING into SELLFILE
SET DEFINE OFF;
Insert into SELLFILE (PHOTONUM,ITEMNUM,ORINAME,FILENAME) values (222,129,'자는강쥐 (9).jpg','1665651077349_자는강쥐 (9).jpg');
Insert into SELLFILE (PHOTONUM,ITEMNUM,ORINAME,FILENAME) values (242,105,'1665537243193_호텔 전경.jpg','1665712612239_1665537243193_호텔 전경.jpg');
Insert into SELLFILE (PHOTONUM,ITEMNUM,ORINAME,FILENAME) values (244,71,'1665538872661_자는강쥐 (9).jpg','1665712744116_1665538872661_자는강쥐 (9).jpg');
Insert into SELLFILE (PHOTONUM,ITEMNUM,ORINAME,FILENAME) values (6,6,'호텔 전경.jpg','1665536797300_호텔 전경.jpg');
Insert into SELLFILE (PHOTONUM,ITEMNUM,ORINAME,FILENAME) values (7,6,'호텔내부.jpg','1665536797794_호텔내부.jpg');
Insert into SELLFILE (PHOTONUM,ITEMNUM,ORINAME,FILENAME) values (9,6,'자는강쥐 (9).jpg','1665536798158_자는강쥐 (9).jpg');
Insert into SELLFILE (PHOTONUM,ITEMNUM,ORINAME,FILENAME) values (10,6,'자는강쥐 (10).jpg','1665536798311_자는강쥐 (10).jpg');
Insert into SELLFILE (PHOTONUM,ITEMNUM,ORINAME,FILENAME) values (187,35,'욕실.jpg','1665561770870_욕실.jpg');
Insert into SELLFILE (PHOTONUM,ITEMNUM,ORINAME,FILENAME) values (188,37,'욕실.jpg','1665561833676_욕실.jpg');
Insert into SELLFILE (PHOTONUM,ITEMNUM,ORINAME,FILENAME) values (189,39,'욕실.jpg','1665561896778_욕실.jpg');
Insert into SELLFILE (PHOTONUM,ITEMNUM,ORINAME,FILENAME) values (11,6,'욕실.jpg','1665537034238_욕실.jpg');
Insert into SELLFILE (PHOTONUM,ITEMNUM,ORINAME,FILENAME) values (32,17,'베이킹 (1).jpg','1665539339608_베이킹 (1).jpg');
Insert into SELLFILE (PHOTONUM,ITEMNUM,ORINAME,FILENAME) values (33,17,'베이킹 (2).jpg','1665539339947_베이킹 (2).jpg');
Insert into SELLFILE (PHOTONUM,ITEMNUM,ORINAME,FILENAME) values (34,17,'베이킹 (3).jpg','1665539342320_베이킹 (3).jpg');
Insert into SELLFILE (PHOTONUM,ITEMNUM,ORINAME,FILENAME) values (35,17,'베이킹 (4).jpg','1665539342768_베이킹 (4).jpg');
Insert into SELLFILE (PHOTONUM,ITEMNUM,ORINAME,FILENAME) values (36,17,'베이킹 (5).jpg','1665539343254_베이킹 (5).jpg');
Insert into SELLFILE (PHOTONUM,ITEMNUM,ORINAME,FILENAME) values (77,35,'호텔 전경.jpg','1665542198020_호텔 전경.jpg');
Insert into SELLFILE (PHOTONUM,ITEMNUM,ORINAME,FILENAME) values (78,35,'호텔내부 (2).jpg','1665542198369_호텔내부 (2).jpg');
Insert into SELLFILE (PHOTONUM,ITEMNUM,ORINAME,FILENAME) values (245,146,'블루틱쿤하운드.jpg','1665717142441_블루틱쿤하운드.jpg');
Insert into SELLFILE (PHOTONUM,ITEMNUM,ORINAME,FILENAME) values (80,35,'자는강쥐 (5).jpg','1665542199011_자는강쥐 (5).jpg');
Insert into SELLFILE (PHOTONUM,ITEMNUM,ORINAME,FILENAME) values (81,35,'자는강쥐 (6).jpg','1665542199325_자는강쥐 (6).jpg');
Insert into SELLFILE (PHOTONUM,ITEMNUM,ORINAME,FILENAME) values (92,41,'호텔 전경.jpg','1665542660942_호텔 전경.jpg');
Insert into SELLFILE (PHOTONUM,ITEMNUM,ORINAME,FILENAME) values (93,41,'호텔내부 (2).jpg','1665542661261_호텔내부 (2).jpg');
Insert into SELLFILE (PHOTONUM,ITEMNUM,ORINAME,FILENAME) values (94,41,'자는강쥐 (5).jpg','1665542661654_자는강쥐 (5).jpg');
Insert into SELLFILE (PHOTONUM,ITEMNUM,ORINAME,FILENAME) values (95,41,'자는강쥐 (6).jpg','1665542661877_자는강쥐 (6).jpg');
Insert into SELLFILE (PHOTONUM,ITEMNUM,ORINAME,FILENAME) values (96,41,'욕실.jpg','1665542662016_욕실.jpg');
Insert into SELLFILE (PHOTONUM,ITEMNUM,ORINAME,FILENAME) values (97,43,'스파강쥐 (1).jpg','1665542735447_스파강쥐 (1).jpg');
Insert into SELLFILE (PHOTONUM,ITEMNUM,ORINAME,FILENAME) values (98,43,'스파강쥐 (6).jpg','1665542735995_스파강쥐 (6).jpg');
Insert into SELLFILE (PHOTONUM,ITEMNUM,ORINAME,FILENAME) values (99,43,'스파강쥐 (7).jpg','1665542736478_스파강쥐 (7).jpg');
Insert into SELLFILE (PHOTONUM,ITEMNUM,ORINAME,FILENAME) values (100,43,'스파강쥐 (8).jpg','1665542737003_스파강쥐 (8).jpg');
Insert into SELLFILE (PHOTONUM,ITEMNUM,ORINAME,FILENAME) values (101,43,'스파강쥐 (9).jpg','1665542737466_스파강쥐 (9).jpg');
Insert into SELLFILE (PHOTONUM,ITEMNUM,ORINAME,FILENAME) values (102,45,'스파강쥐 (2).jpg','1665542923439_스파강쥐 (2).jpg');
Insert into SELLFILE (PHOTONUM,ITEMNUM,ORINAME,FILENAME) values (103,45,'스파강쥐 (5).jpg','1665542923571_스파강쥐 (5).jpg');
Insert into SELLFILE (PHOTONUM,ITEMNUM,ORINAME,FILENAME) values (104,45,'스파강쥐 (6).jpg','1665542923716_스파강쥐 (6).jpg');
Insert into SELLFILE (PHOTONUM,ITEMNUM,ORINAME,FILENAME) values (105,45,'스파강쥐 (1).jpg','1665542923835_스파강쥐 (1).jpg');
Insert into SELLFILE (PHOTONUM,ITEMNUM,ORINAME,FILENAME) values (106,45,'스파강쥐 (7).jpg','1665542923968_스파강쥐 (7).jpg');
Insert into SELLFILE (PHOTONUM,ITEMNUM,ORINAME,FILENAME) values (112,49,'호텔 전경.jpg','1665543264160_호텔 전경.jpg');
Insert into SELLFILE (PHOTONUM,ITEMNUM,ORINAME,FILENAME) values (113,49,'호텔내부 (1).jpg','1665543264347_호텔내부 (1).jpg');
Insert into SELLFILE (PHOTONUM,ITEMNUM,ORINAME,FILENAME) values (114,49,'욕실.jpg','1665543264861_욕실.jpg');
Insert into SELLFILE (PHOTONUM,ITEMNUM,ORINAME,FILENAME) values (115,49,'자는강쥐 (3).jpg','1665543265057_자는강쥐 (3).jpg');
Insert into SELLFILE (PHOTONUM,ITEMNUM,ORINAME,FILENAME) values (116,49,'자는강쥐 (4).jpg','1665543265310_자는강쥐 (4).jpg');
Insert into SELLFILE (PHOTONUM,ITEMNUM,ORINAME,FILENAME) values (117,51,'호텔 전경.jpg','1665543347818_호텔 전경.jpg');
Insert into SELLFILE (PHOTONUM,ITEMNUM,ORINAME,FILENAME) values (118,51,'호텔내부 (1).jpg','1665543347982_호텔내부 (1).jpg');
Insert into SELLFILE (PHOTONUM,ITEMNUM,ORINAME,FILENAME) values (119,51,'욕실.jpg','1665543348099_욕실.jpg');
Insert into SELLFILE (PHOTONUM,ITEMNUM,ORINAME,FILENAME) values (120,51,'자는강쥐 (3).jpg','1665543348254_자는강쥐 (3).jpg');
Insert into SELLFILE (PHOTONUM,ITEMNUM,ORINAME,FILENAME) values (121,51,'자는강쥐 (4).jpg','1665543348397_자는강쥐 (4).jpg');
Insert into SELLFILE (PHOTONUM,ITEMNUM,ORINAME,FILENAME) values (122,53,'호텔 전경.jpg','1665543397533_호텔 전경.jpg');
Insert into SELLFILE (PHOTONUM,ITEMNUM,ORINAME,FILENAME) values (123,53,'호텔내부 (1).jpg','1665543397675_호텔내부 (1).jpg');
Insert into SELLFILE (PHOTONUM,ITEMNUM,ORINAME,FILENAME) values (124,53,'욕실.jpg','1665543397829_욕실.jpg');
Insert into SELLFILE (PHOTONUM,ITEMNUM,ORINAME,FILENAME) values (125,53,'자는강쥐 (3).jpg','1665543398095_자는강쥐 (3).jpg');
Insert into SELLFILE (PHOTONUM,ITEMNUM,ORINAME,FILENAME) values (126,53,'자는강쥐 (4).jpg','1665543398360_자는강쥐 (4).jpg');
Insert into SELLFILE (PHOTONUM,ITEMNUM,ORINAME,FILENAME) values (127,55,'호텔 전경.jpg','1665543441000_호텔 전경.jpg');
Insert into SELLFILE (PHOTONUM,ITEMNUM,ORINAME,FILENAME) values (128,55,'호텔내부 (1).jpg','1665543441165_호텔내부 (1).jpg');
Insert into SELLFILE (PHOTONUM,ITEMNUM,ORINAME,FILENAME) values (129,55,'욕실.jpg','1665543441304_욕실.jpg');
Insert into SELLFILE (PHOTONUM,ITEMNUM,ORINAME,FILENAME) values (130,55,'자는강쥐 (3).jpg','1665543441439_자는강쥐 (3).jpg');
Insert into SELLFILE (PHOTONUM,ITEMNUM,ORINAME,FILENAME) values (131,55,'자는강쥐 (4).jpg','1665543441579_자는강쥐 (4).jpg');
Insert into SELLFILE (PHOTONUM,ITEMNUM,ORINAME,FILENAME) values (132,57,'호텔 전경.jpg','1665543516553_호텔 전경.jpg');
Insert into SELLFILE (PHOTONUM,ITEMNUM,ORINAME,FILENAME) values (133,57,'호텔내부 (1).jpg','1665543516802_호텔내부 (1).jpg');
Insert into SELLFILE (PHOTONUM,ITEMNUM,ORINAME,FILENAME) values (134,57,'욕실.jpg','1665543517037_욕실.jpg');
Insert into SELLFILE (PHOTONUM,ITEMNUM,ORINAME,FILENAME) values (135,57,'자는강쥐 (3).jpg','1665543517393_자는강쥐 (3).jpg');
Insert into SELLFILE (PHOTONUM,ITEMNUM,ORINAME,FILENAME) values (136,57,'자는강쥐 (4).jpg','1665543517766_자는강쥐 (4).jpg');
Insert into SELLFILE (PHOTONUM,ITEMNUM,ORINAME,FILENAME) values (137,59,'미용.jpg','1665543637225_미용.jpg');
Insert into SELLFILE (PHOTONUM,ITEMNUM,ORINAME,FILENAME) values (138,59,'미용강쥐 (1).jpg','1665543637369_미용강쥐 (1).jpg');
Insert into SELLFILE (PHOTONUM,ITEMNUM,ORINAME,FILENAME) values (139,59,'미용강쥐 (2).jpg','1665543637507_미용강쥐 (2).jpg');
Insert into SELLFILE (PHOTONUM,ITEMNUM,ORINAME,FILENAME) values (140,59,'미용강쥐 (3).jpg','1665543637653_미용강쥐 (3).jpg');
Insert into SELLFILE (PHOTONUM,ITEMNUM,ORINAME,FILENAME) values (141,59,'미용강쥐 (4).jpg','1665543637797_미용강쥐 (4).jpg');
Insert into SELLFILE (PHOTONUM,ITEMNUM,ORINAME,FILENAME) values (142,61,'트레이너.jpg','1665543730089_트레이너.jpg');
Insert into SELLFILE (PHOTONUM,ITEMNUM,ORINAME,FILENAME) values (143,61,'트레이닝 (1).jpg','1665543730238_트레이닝 (1).jpg');
Insert into SELLFILE (PHOTONUM,ITEMNUM,ORINAME,FILENAME) values (144,61,'트레이닝 (2).jpg','1665543730375_트레이닝 (2).jpg');
Insert into SELLFILE (PHOTONUM,ITEMNUM,ORINAME,FILENAME) values (145,61,'트레이닝 (3).jpg','1665543730497_트레이닝 (3).jpg');
Insert into SELLFILE (PHOTONUM,ITEMNUM,ORINAME,FILENAME) values (146,61,'트레이닝 (4).jpg','1665543730628_트레이닝 (4).jpg');
Insert into SELLFILE (PHOTONUM,ITEMNUM,ORINAME,FILENAME) values (147,63,'호텔 전경.jpg','1665543884416_호텔 전경.jpg');
Insert into SELLFILE (PHOTONUM,ITEMNUM,ORINAME,FILENAME) values (184,69,'호텔내부.jpg','1665559069732_호텔내부.jpg');
Insert into SELLFILE (PHOTONUM,ITEMNUM,ORINAME,FILENAME) values (149,63,'욕실.jpg','1665543884693_욕실.jpg');
Insert into SELLFILE (PHOTONUM,ITEMNUM,ORINAME,FILENAME) values (150,63,'자는강쥐 (1).jpg','1665543884858_자는강쥐 (1).jpg');
Insert into SELLFILE (PHOTONUM,ITEMNUM,ORINAME,FILENAME) values (151,63,'자는강쥐 (2).jpg','1665543885029_자는강쥐 (2).jpg');
Insert into SELLFILE (PHOTONUM,ITEMNUM,ORINAME,FILENAME) values (152,65,'호텔 전경.jpg','1665543951025_호텔 전경.jpg');
Insert into SELLFILE (PHOTONUM,ITEMNUM,ORINAME,FILENAME) values (154,65,'욕실.jpg','1665543951601_욕실.jpg');
Insert into SELLFILE (PHOTONUM,ITEMNUM,ORINAME,FILENAME) values (155,65,'자는강쥐 (1).jpg','1665543951986_자는강쥐 (1).jpg');
Insert into SELLFILE (PHOTONUM,ITEMNUM,ORINAME,FILENAME) values (156,65,'자는강쥐 (2).jpg','1665543952197_자는강쥐 (2).jpg');
Insert into SELLFILE (PHOTONUM,ITEMNUM,ORINAME,FILENAME) values (181,63,'호텔내부.jpg','1665558931456_호텔내부.jpg');
Insert into SELLFILE (PHOTONUM,ITEMNUM,ORINAME,FILENAME) values (282,183,'1665541819176_미용.jpg','1666252362596_1665541819176_미용.jpg');
Insert into SELLFILE (PHOTONUM,ITEMNUM,ORINAME,FILENAME) values (283,185,'1665539182994_호텔 전경.jpg','1666252400531_1665539182994_호텔 전경.jpg');
Insert into SELLFILE (PHOTONUM,ITEMNUM,ORINAME,FILENAME) values (241,141,'시바.jpg','1665712148912_시바.jpg');
Insert into SELLFILE (PHOTONUM,ITEMNUM,ORINAME,FILENAME) values (12,9,'호텔 전경.jpg','1665537243193_호텔 전경.jpg');
Insert into SELLFILE (PHOTONUM,ITEMNUM,ORINAME,FILENAME) values (13,9,'호텔내부.jpg','1665537243875_호텔내부.jpg');
Insert into SELLFILE (PHOTONUM,ITEMNUM,ORINAME,FILENAME) values (14,9,'욕실.jpg','1665537244533_욕실.jpg');
Insert into SELLFILE (PHOTONUM,ITEMNUM,ORINAME,FILENAME) values (15,9,'자는강쥐 (9).jpg','1665537245160_자는강쥐 (9).jpg');
Insert into SELLFILE (PHOTONUM,ITEMNUM,ORINAME,FILENAME) values (16,9,'자는강쥐 (10).jpg','1665537245741_자는강쥐 (10).jpg');
Insert into SELLFILE (PHOTONUM,ITEMNUM,ORINAME,FILENAME) values (17,11,'호텔 전경.jpg','1665538870698_호텔 전경.jpg');
Insert into SELLFILE (PHOTONUM,ITEMNUM,ORINAME,FILENAME) values (18,11,'호텔내부.jpg','1665538870896_호텔내부.jpg');
Insert into SELLFILE (PHOTONUM,ITEMNUM,ORINAME,FILENAME) values (19,11,'욕실.jpg','1665538872005_욕실.jpg');
Insert into SELLFILE (PHOTONUM,ITEMNUM,ORINAME,FILENAME) values (20,11,'자는강쥐 (9).jpg','1665538872661_자는강쥐 (9).jpg');
Insert into SELLFILE (PHOTONUM,ITEMNUM,ORINAME,FILENAME) values (21,11,'자는강쥐 (10).jpg','1665538873492_자는강쥐 (10).jpg');
Insert into SELLFILE (PHOTONUM,ITEMNUM,ORINAME,FILENAME) values (37,19,'호텔 전경.jpg','1665541440034_호텔 전경.jpg');
Insert into SELLFILE (PHOTONUM,ITEMNUM,ORINAME,FILENAME) values (38,19,'호텔내부 (3).jpg','1665541440330_호텔내부 (3).jpg');
Insert into SELLFILE (PHOTONUM,ITEMNUM,ORINAME,FILENAME) values (39,19,'욕실.jpg','1665541440780_욕실.jpg');
Insert into SELLFILE (PHOTONUM,ITEMNUM,ORINAME,FILENAME) values (40,19,'자는강쥐 (7).jpg','1665541441238_자는강쥐 (7).jpg');
Insert into SELLFILE (PHOTONUM,ITEMNUM,ORINAME,FILENAME) values (41,19,'자는강쥐 (8).jpg','1665541441602_자는강쥐 (8).jpg');
Insert into SELLFILE (PHOTONUM,ITEMNUM,ORINAME,FILENAME) values (42,21,'호텔 전경.jpg','1665541523524_호텔 전경.jpg');
Insert into SELLFILE (PHOTONUM,ITEMNUM,ORINAME,FILENAME) values (43,21,'호텔내부 (3).jpg','1665541523748_호텔내부 (3).jpg');
Insert into SELLFILE (PHOTONUM,ITEMNUM,ORINAME,FILENAME) values (44,21,'욕실.jpg','1665541523997_욕실.jpg');
Insert into SELLFILE (PHOTONUM,ITEMNUM,ORINAME,FILENAME) values (45,21,'자는강쥐 (7).jpg','1665541524248_자는강쥐 (7).jpg');
Insert into SELLFILE (PHOTONUM,ITEMNUM,ORINAME,FILENAME) values (46,21,'자는강쥐 (8).jpg','1665541524697_자는강쥐 (8).jpg');
Insert into SELLFILE (PHOTONUM,ITEMNUM,ORINAME,FILENAME) values (47,23,'호텔 전경.jpg','1665541575086_호텔 전경.jpg');
Insert into SELLFILE (PHOTONUM,ITEMNUM,ORINAME,FILENAME) values (48,23,'호텔내부 (3).jpg','1665541575567_호텔내부 (3).jpg');
Insert into SELLFILE (PHOTONUM,ITEMNUM,ORINAME,FILENAME) values (49,23,'욕실.jpg','1665541576054_욕실.jpg');
Insert into SELLFILE (PHOTONUM,ITEMNUM,ORINAME,FILENAME) values (50,23,'자는강쥐 (7).jpg','1665541576329_자는강쥐 (7).jpg');
Insert into SELLFILE (PHOTONUM,ITEMNUM,ORINAME,FILENAME) values (51,23,'자는강쥐 (8).jpg','1665541576563_자는강쥐 (8).jpg');
Insert into SELLFILE (PHOTONUM,ITEMNUM,ORINAME,FILENAME) values (52,25,'호텔 전경.jpg','1665541664877_호텔 전경.jpg');
Insert into SELLFILE (PHOTONUM,ITEMNUM,ORINAME,FILENAME) values (53,25,'호텔내부 (3).jpg','1665541665084_호텔내부 (3).jpg');
Insert into SELLFILE (PHOTONUM,ITEMNUM,ORINAME,FILENAME) values (54,25,'욕실.jpg','1665541665402_욕실.jpg');
Insert into SELLFILE (PHOTONUM,ITEMNUM,ORINAME,FILENAME) values (55,25,'자는강쥐 (7).jpg','1665541665671_자는강쥐 (7).jpg');
Insert into SELLFILE (PHOTONUM,ITEMNUM,ORINAME,FILENAME) values (56,25,'자는강쥐 (8).jpg','1665541665952_자는강쥐 (8).jpg');
Insert into SELLFILE (PHOTONUM,ITEMNUM,ORINAME,FILENAME) values (57,27,'호텔 전경.jpg','1665541727108_호텔 전경.jpg');
Insert into SELLFILE (PHOTONUM,ITEMNUM,ORINAME,FILENAME) values (58,27,'호텔내부 (3).jpg','1665541727723_호텔내부 (3).jpg');
Insert into SELLFILE (PHOTONUM,ITEMNUM,ORINAME,FILENAME) values (59,27,'욕실.jpg','1665541728270_욕실.jpg');
Insert into SELLFILE (PHOTONUM,ITEMNUM,ORINAME,FILENAME) values (60,27,'자는강쥐 (7).jpg','1665541728847_자는강쥐 (7).jpg');
Insert into SELLFILE (PHOTONUM,ITEMNUM,ORINAME,FILENAME) values (61,27,'자는강쥐 (8).jpg','1665541729039_자는강쥐 (8).jpg');
Insert into SELLFILE (PHOTONUM,ITEMNUM,ORINAME,FILENAME) values (62,29,'미용.jpg','1665541819176_미용.jpg');
Insert into SELLFILE (PHOTONUM,ITEMNUM,ORINAME,FILENAME) values (63,29,'미용강쥐 (1).jpg','1665541819502_미용강쥐 (1).jpg');
Insert into SELLFILE (PHOTONUM,ITEMNUM,ORINAME,FILENAME) values (64,29,'미용강쥐 (2).jpg','1665541819715_미용강쥐 (2).jpg');
Insert into SELLFILE (PHOTONUM,ITEMNUM,ORINAME,FILENAME) values (65,29,'미용강쥐 (3).jpg','1665541820013_미용강쥐 (3).jpg');
Insert into SELLFILE (PHOTONUM,ITEMNUM,ORINAME,FILENAME) values (66,29,'미용강쥐 (4).jpg','1665541820309_미용강쥐 (4).jpg');
Insert into SELLFILE (PHOTONUM,ITEMNUM,ORINAME,FILENAME) values (67,31,'트레이너.jpg','1665541920946_트레이너.jpg');
Insert into SELLFILE (PHOTONUM,ITEMNUM,ORINAME,FILENAME) values (68,31,'트레이닝 (1).jpg','1665541921224_트레이닝 (1).jpg');
Insert into SELLFILE (PHOTONUM,ITEMNUM,ORINAME,FILENAME) values (69,31,'트레이닝 (2).jpg','1665541921483_트레이닝 (2).jpg');
Insert into SELLFILE (PHOTONUM,ITEMNUM,ORINAME,FILENAME) values (70,31,'트레이닝 (3).jpg','1665541921691_트레이닝 (3).jpg');
Insert into SELLFILE (PHOTONUM,ITEMNUM,ORINAME,FILENAME) values (71,31,'트레이닝 (4).jpg','1665541922003_트레이닝 (4).jpg');
Insert into SELLFILE (PHOTONUM,ITEMNUM,ORINAME,FILENAME) values (72,33,'호텔 전경.jpg','1665542099477_호텔 전경.jpg');
Insert into SELLFILE (PHOTONUM,ITEMNUM,ORINAME,FILENAME) values (73,33,'호텔내부 (2).jpg','1665542099875_호텔내부 (2).jpg');
Insert into SELLFILE (PHOTONUM,ITEMNUM,ORINAME,FILENAME) values (243,15,'1665539002516_호텔내부.jpg','1665712670561_1665539002516_호텔내부.jpg');
Insert into SELLFILE (PHOTONUM,ITEMNUM,ORINAME,FILENAME) values (75,33,'자는강쥐 (5).jpg','1665542100665_자는강쥐 (5).jpg');
Insert into SELLFILE (PHOTONUM,ITEMNUM,ORINAME,FILENAME) values (76,33,'자는강쥐 (6).jpg','1665542101073_자는강쥐 (6).jpg');
Insert into SELLFILE (PHOTONUM,ITEMNUM,ORINAME,FILENAME) values (82,37,'호텔 전경.jpg','1665542462774_호텔 전경.jpg');
Insert into SELLFILE (PHOTONUM,ITEMNUM,ORINAME,FILENAME) values (83,37,'호텔내부 (2).jpg','1665542463106_호텔내부 (2).jpg');
Insert into SELLFILE (PHOTONUM,ITEMNUM,ORINAME,FILENAME) values (281,181,'1665541523524_호텔 전경.jpg','1666252319030_1665541523524_호텔 전경.jpg');
Insert into SELLFILE (PHOTONUM,ITEMNUM,ORINAME,FILENAME) values (85,37,'자는강쥐 (5).jpg','1665542463524_자는강쥐 (5).jpg');
Insert into SELLFILE (PHOTONUM,ITEMNUM,ORINAME,FILENAME) values (86,37,'자는강쥐 (6).jpg','1665542463681_자는강쥐 (6).jpg');
Insert into SELLFILE (PHOTONUM,ITEMNUM,ORINAME,FILENAME) values (87,39,'호텔 전경.jpg','1665542521705_호텔 전경.jpg');
Insert into SELLFILE (PHOTONUM,ITEMNUM,ORINAME,FILENAME) values (88,39,'호텔내부 (2).jpg','1665542521965_호텔내부 (2).jpg');
Insert into SELLFILE (PHOTONUM,ITEMNUM,ORINAME,FILENAME) values (90,39,'자는강쥐 (5).jpg','1665542522383_자는강쥐 (5).jpg');
Insert into SELLFILE (PHOTONUM,ITEMNUM,ORINAME,FILENAME) values (91,39,'자는강쥐 (6).jpg','1665542522534_자는강쥐 (6).jpg');
Insert into SELLFILE (PHOTONUM,ITEMNUM,ORINAME,FILENAME) values (107,47,'트레이너.jpg','1665543058137_트레이너.jpg');
Insert into SELLFILE (PHOTONUM,ITEMNUM,ORINAME,FILENAME) values (108,47,'트레이닝 (1).jpg','1665543058374_트레이닝 (1).jpg');
Insert into SELLFILE (PHOTONUM,ITEMNUM,ORINAME,FILENAME) values (109,47,'트레이닝 (2).jpg','1665543058631_트레이닝 (2).jpg');
Insert into SELLFILE (PHOTONUM,ITEMNUM,ORINAME,FILENAME) values (110,47,'트레이닝 (3).jpg','1665543058781_트레이닝 (3).jpg');
Insert into SELLFILE (PHOTONUM,ITEMNUM,ORINAME,FILENAME) values (111,47,'트레이닝 (4).jpg','1665543058912_트레이닝 (4).jpg');
Insert into SELLFILE (PHOTONUM,ITEMNUM,ORINAME,FILENAME) values (157,67,'호텔 전경.jpg','1665544080816_호텔 전경.jpg');
Insert into SELLFILE (PHOTONUM,ITEMNUM,ORINAME,FILENAME) values (186,33,'욕실.jpg','1665561652400_욕실.jpg');
Insert into SELLFILE (PHOTONUM,ITEMNUM,ORINAME,FILENAME) values (159,67,'욕실.jpg','1665544081169_욕실.jpg');
Insert into SELLFILE (PHOTONUM,ITEMNUM,ORINAME,FILENAME) values (160,67,'자는강쥐 (1).jpg','1665544081292_자는강쥐 (1).jpg');
Insert into SELLFILE (PHOTONUM,ITEMNUM,ORINAME,FILENAME) values (161,67,'자는강쥐 (2).jpg','1665544081421_자는강쥐 (2).jpg');
Insert into SELLFILE (PHOTONUM,ITEMNUM,ORINAME,FILENAME) values (162,69,'호텔 전경.jpg','1665544131275_호텔 전경.jpg');
Insert into SELLFILE (PHOTONUM,ITEMNUM,ORINAME,FILENAME) values (164,69,'욕실.jpg','1665544131562_욕실.jpg');
Insert into SELLFILE (PHOTONUM,ITEMNUM,ORINAME,FILENAME) values (165,69,'자는강쥐 (1).jpg','1665544131760_자는강쥐 (1).jpg');
Insert into SELLFILE (PHOTONUM,ITEMNUM,ORINAME,FILENAME) values (166,69,'자는강쥐 (2).jpg','1665544131959_자는강쥐 (2).jpg');
Insert into SELLFILE (PHOTONUM,ITEMNUM,ORINAME,FILENAME) values (182,65,'호텔내부.jpg','1665558968299_호텔내부.jpg');
Insert into SELLFILE (PHOTONUM,ITEMNUM,ORINAME,FILENAME) values (183,67,'호텔내부.jpg','1665559021443_호텔내부.jpg');
Insert into SELLFILE (PHOTONUM,ITEMNUM,ORINAME,FILENAME) values (261,161,'1665541440034_호텔 전경.jpg','1666249216977_1665541440034_호텔 전경.jpg');
Insert into SELLFILE (PHOTONUM,ITEMNUM,ORINAME,FILENAME) values (262,163,'1665536797794_호텔내부.jpg','1666249265219_1665536797794_호텔내부.jpg');
Insert into SELLFILE (PHOTONUM,ITEMNUM,ORINAME,FILENAME) values (263,165,'1665541664877_호텔 전경.jpg','1666249320999_1665541664877_호텔 전경.jpg');
REM INSERTING into SELLITEM
SET DEFINE OFF;
Insert into SELLITEM (ITEMNUM,USERID,ITEMNAME,ITEMPRICE,ITEMCONTENTS,ITEMZIPCODE,ITEMADDRESS,ITEMDEADDRESS,ITEMCATG) values (129,'puppylove34','tlfgjadyd',221321,'fdsasffdasd',8500,'서울 금천구 가마산로 72 (가산동)','213212','3');
Insert into SELLITEM (ITEMNUM,USERID,ITEMNAME,ITEMPRICE,ITEMCONTENTS,ITEMZIPCODE,ITEMADDRESS,ITEMDEADDRESS,ITEMCATG) values (15,'ghkdlxld11','터펜션',45000,'터펜션은 작고 답답한 공간이 아닌 아늑하고 편안하게 휴식할 수 있는 
넓은 객실을 갖춘 프리미엄 애견호텔 입니다.',3183,'서울 종로구 새문안로 97 (당주동)','터펜션','1');
Insert into SELLITEM (ITEMNUM,USERID,ITEMNAME,ITEMPRICE,ITEMCONTENTS,ITEMZIPCODE,ITEMADDRESS,ITEMDEADDRESS,ITEMCATG) values (6,'ghkdlxld11','앨리애견호텔',35000,'앨리애견호텔은 작고 답답한 공간이 아닌 아늑하고 편안하게 휴식할 수 있는 넓은 객실을 갖춘 프리미엄 애견호텔 입니다.',25102,'강원 홍천군 서면 팔봉리 1290-2','앨리애견호텔','1');
Insert into SELLITEM (ITEMNUM,USERID,ITEMNAME,ITEMPRICE,ITEMCONTENTS,ITEMZIPCODE,ITEMADDRESS,ITEMDEADDRESS,ITEMCATG) values (17,'ghkdlxld11','댕댕이 베이킹 원데이클래스',44000,'댕댕이 베이킹 원데이클래스를 통해 
강아지와 즐겁고 행복한 시간을 보내보세요',3183,'서울 종로구 새문안로 97 (당주동)','굿베이킹','2');
Insert into SELLITEM (ITEMNUM,USERID,ITEMNAME,ITEMPRICE,ITEMCONTENTS,ITEMZIPCODE,ITEMADDRESS,ITEMDEADDRESS,ITEMCATG) values (35,'happy77puppy','로만티카 펜션',65000,'로만티카 펜션은 작고 답답한 공간이 아닌 아늑하고 편안하게 휴식할 수 있는 
넓은 객실을 갖춘 프리미엄 애견호텔 입니다.',4533,'서울 중구 소공로 106 (소공동)','로만티카 펜션','1');
Insert into SELLITEM (ITEMNUM,USERID,ITEMNAME,ITEMPRICE,ITEMCONTENTS,ITEMZIPCODE,ITEMADDRESS,ITEMDEADDRESS,ITEMCATG) values (41,'happy77puppy','투퍼피',65000,'투퍼피는 작고 답답한 공간이 아닌 아늑하고 편안하게 휴식할 수 있는 
넓은 객실을 갖춘 프리미엄 애견호텔 입니다.',5551,'서울 송파구 올림픽로 300 (신천동)','투퍼피','1');
Insert into SELLITEM (ITEMNUM,USERID,ITEMNAME,ITEMPRICE,ITEMCONTENTS,ITEMZIPCODE,ITEMADDRESS,ITEMDEADDRESS,ITEMCATG) values (43,'happy77puppy','강아지 비누 만들기 클래스',25000,'강아지 비누 만들기 클래스를 통해
강아지와 행복한 유대 관계를 만들어 보세요!',5551,'서울 송파구 올림픽로 300 (신천동)','정글밤','2');
Insert into SELLITEM (ITEMNUM,USERID,ITEMNAME,ITEMPRICE,ITEMCONTENTS,ITEMZIPCODE,ITEMADDRESS,ITEMDEADDRESS,ITEMCATG) values (45,'happy77puppy','해피스파데이',70000,'투퍼피에서 
강아지에게 행복하고 깨끗한 시간을 선물해주세요!',5551,'서울 송파구 올림픽로 300 (신천동)','투퍼피','2');
Insert into SELLITEM (ITEMNUM,USERID,ITEMNAME,ITEMPRICE,ITEMCONTENTS,ITEMZIPCODE,ITEMADDRESS,ITEMDEADDRESS,ITEMCATG) values (49,'ilovedog52','개라다이스',35000,'개라다이스는 작고 답답한 공간이 아닌 아늑하고 편안하게 휴식할 수 있는 
넓은 객실을 갖춘 프리미엄 애견호텔 입니다.',7335,'서울 영등포구 여의대로 108 (여의도동)','개라다이스','1');
Insert into SELLITEM (ITEMNUM,USERID,ITEMNAME,ITEMPRICE,ITEMCONTENTS,ITEMZIPCODE,ITEMADDRESS,ITEMDEADDRESS,ITEMCATG) values (51,'ilovedog52','닥터펫애견호텔',55000,'닥터펫애견호텔은 작고 답답한 공간이 아닌 아늑하고 편안하게 휴식할 수 있는 
넓은 객실을 갖춘 프리미엄 애견호텔 입니다.',22382,'인천 중구 영종해안남로 19-5 (운서동)','닥터펫애견호텔','1');
Insert into SELLITEM (ITEMNUM,USERID,ITEMNAME,ITEMPRICE,ITEMCONTENTS,ITEMZIPCODE,ITEMADDRESS,ITEMDEADDRESS,ITEMCATG) values (53,'ilovedog52','아리엘펜션',55000,'아리엘펜션은 작고 답답한 공간이 아닌 아늑하고 편안하게 휴식할 수 있는 
넓은 객실을 갖춘 프리미엄 애견호텔 입니다.',10883,'경기 파주시 서패동 246-3','아리엘펜션','1');
Insert into SELLITEM (ITEMNUM,USERID,ITEMNAME,ITEMPRICE,ITEMCONTENTS,ITEMZIPCODE,ITEMADDRESS,ITEMDEADDRESS,ITEMCATG) values (55,'ilovedog52','앤드퍼피 애견펜션',40000,'앤드퍼피 애견펜션',12601,'경기 여주시 금사면 금사리 85-2','앤드퍼피 애견펜션','1');
Insert into SELLITEM (ITEMNUM,USERID,ITEMNAME,ITEMPRICE,ITEMCONTENTS,ITEMZIPCODE,ITEMADDRESS,ITEMDEADDRESS,ITEMCATG) values (57,'ilovedog52','개스트하우스',60000,'개스트하우스는 작고 답답한 공간이 아닌 아늑하고 편안하게 휴식할 수 있는 
넓은 객실을 갖춘 프리미엄 애견호텔 입니다.',14508,'경기 부천시 계남로 19 (상동, 라일락마을)','개스트하우스','1');
Insert into SELLITEM (ITEMNUM,USERID,ITEMNAME,ITEMPRICE,ITEMCONTENTS,ITEMZIPCODE,ITEMADDRESS,ITEMDEADDRESS,ITEMCATG) values (59,'ilovedog52','셀프애견미용 원데이클래스',70000,'셀프애견미용 원데이클래스에서 
손쉬운 셀프 미용 방법부터 편안한 목욕법까지 가르쳐드립니다!',14508,'경기 부천시 계남로 19 (상동, 라일락마을)','마이댕댕','2');
Insert into SELLITEM (ITEMNUM,USERID,ITEMNAME,ITEMPRICE,ITEMCONTENTS,ITEMZIPCODE,ITEMADDRESS,ITEMDEADDRESS,ITEMCATG) values (61,'ilovedog52','방문 교육',300000,'개라다이스에서
강아지 문제로 골치 아픈 여러분을 위해
방문 교육을 진행합니다!',7335,'서울 영등포구 여의대로 108 (여의도동)','개라다이스','3');
Insert into SELLITEM (ITEMNUM,USERID,ITEMNAME,ITEMPRICE,ITEMCONTENTS,ITEMZIPCODE,ITEMADDRESS,ITEMDEADDRESS,ITEMCATG) values (63,'puppylove34','그대애개',45000,'그대애개는 작고 답답한 공간이 아닌 아늑하고 편안하게 휴식할 수 있는 
넓은 객실을 갖춘 프리미엄 애견호텔 입니다.',23017,'인천 강화군 내가면 황청포구로462번길 4-55','그대애개','1');
Insert into SELLITEM (ITEMNUM,USERID,ITEMNAME,ITEMPRICE,ITEMCONTENTS,ITEMZIPCODE,ITEMADDRESS,ITEMDEADDRESS,ITEMCATG) values (65,'puppylove34','소울펫',65000,'소울펫은 작고 답답한 공간이 아닌 아늑하고 편안하게 휴식할 수 있는 
넓은 객실을 갖춘 프리미엄 애견호텔 입니다.',12573,'경기 양평군 강상면 강남로 1544','소울펫','1');
Insert into SELLITEM (ITEMNUM,USERID,ITEMNAME,ITEMPRICE,ITEMCONTENTS,ITEMZIPCODE,ITEMADDRESS,ITEMDEADDRESS,ITEMCATG) values (146,'ghkdlxld11','test',30000,'test',5399,'서울 강동구 성내로 32 (성내동)','123','1');
Insert into SELLITEM (ITEMNUM,USERID,ITEMNAME,ITEMPRICE,ITEMCONTENTS,ITEMZIPCODE,ITEMADDRESS,ITEMDEADDRESS,ITEMCATG) values (9,'ghkdlxld11','바우밸리애견호텔',55000,'바우밸리애견호텔은 작고 답답한 공간이 아닌 아늑하고 편안하게 휴식할 수 있는 넓은 객실을 갖춘 프리미엄 애견호텔 입니다.',12448,'경기 가평군 상면 수목원로 52','바우밸리애견호텔','1');
Insert into SELLITEM (ITEMNUM,USERID,ITEMNAME,ITEMPRICE,ITEMCONTENTS,ITEMZIPCODE,ITEMADDRESS,ITEMDEADDRESS,ITEMCATG) values (141,'ghkdlxld11','test',30000,'asdf',5399,'서울 강동구 성내로 32 (성내동)','123123','1');
Insert into SELLITEM (ITEMNUM,USERID,ITEMNAME,ITEMPRICE,ITEMCONTENTS,ITEMZIPCODE,ITEMADDRESS,ITEMDEADDRESS,ITEMCATG) values (183,'ghkdlxld11','PetPet love',30000,'PetPet love',13479,'경기 성남시 분당구 판교동 577-1','1234','1');
Insert into SELLITEM (ITEMNUM,USERID,ITEMNAME,ITEMPRICE,ITEMCONTENTS,ITEMZIPCODE,ITEMADDRESS,ITEMDEADDRESS,ITEMCATG) values (185,'ghkdlxld11','Pet home',45000,'Pet home',11684,'경기 의정부시 가금로 53 (가능동)','12355','1');
Insert into SELLITEM (ITEMNUM,USERID,ITEMNAME,ITEMPRICE,ITEMCONTENTS,ITEMZIPCODE,ITEMADDRESS,ITEMDEADDRESS,ITEMCATG) values (11,'ghkdlxld11','이든애견호텔미용',40000,'이든애견호텔미용은 작고 답답한 공간이 아닌 아늑하고 편안하게 휴식할 수 있는 넓은 객실을 갖춘 프리미엄 애견호텔 입니다.',13912,'경기 안양시 만안구 경수대로 1192 (석수동)','이든애견호텔미용','1');
Insert into SELLITEM (ITEMNUM,USERID,ITEMNAME,ITEMPRICE,ITEMCONTENTS,ITEMZIPCODE,ITEMADDRESS,ITEMDEADDRESS,ITEMCATG) values (19,'gooddog777','런투독애견호텔',65000,'런투독애견호텔은 작고 답답한 공간이 아닌 아늑하고 편안하게 휴식할 수 있는 
넓은 객실을 갖춘 프리미엄 애견호텔 입니다.',17372,'경기 이천시 애련정로 67-23 (안흥동, 이천코아루휴티스1단지)','런투독애견호텔','1');
Insert into SELLITEM (ITEMNUM,USERID,ITEMNAME,ITEMPRICE,ITEMCONTENTS,ITEMZIPCODE,ITEMADDRESS,ITEMDEADDRESS,ITEMCATG) values (21,'gooddog777','소풍 애견펜션',35000,'소풍 애견펜션은 작고 답답한 공간이 아닌 아늑하고 편안하게 휴식할 수 있는 
넓은 객실을 갖춘 프리미엄 애견호텔 입니다.',3127,'서울 종로구 율곡로 180 (원남동)','소풍 애견펜션','1');
Insert into SELLITEM (ITEMNUM,USERID,ITEMNAME,ITEMPRICE,ITEMCONTENTS,ITEMZIPCODE,ITEMADDRESS,ITEMDEADDRESS,ITEMCATG) values (23,'gooddog777','스위트몽',55000,'스위트몽은 작고 답답한 공간이 아닌 아늑하고 편안하게 휴식할 수 있는 
넓은 객실을 갖춘 프리미엄 애견호텔 입니다.',6221,'서울 강남구 언주로89길 13 (역삼동)','스위트몽','1');
Insert into SELLITEM (ITEMNUM,USERID,ITEMNAME,ITEMPRICE,ITEMCONTENTS,ITEMZIPCODE,ITEMADDRESS,ITEMDEADDRESS,ITEMCATG) values (25,'gooddog777','깐쵸네애견호텔',40000,'깐쵸네애견호텔은 작고 답답한 공간이 아닌 아늑하고 편안하게 휴식할 수 있는 
넓은 객실을 갖춘 프리미엄 애견호텔 입니다.',4605,'서울 중구 장충단로 60 (장충동2가)','깐쵸네애견호텔','1');
Insert into SELLITEM (ITEMNUM,USERID,ITEMNAME,ITEMPRICE,ITEMCONTENTS,ITEMZIPCODE,ITEMADDRESS,ITEMDEADDRESS,ITEMCATG) values (27,'gooddog777','유콜잇러브 애견펜션',60000,'유콜잇러브 애견펜션은 작고 답답한 공간이 아닌 아늑하고 편안하게 휴식할 수 있는 
넓은 객실을 갖춘 프리미엄 애견호텔 입니다.',4605,'서울 중구 동호로 249 (장충동2가)','유콜잇러브 애견펜션','1');
Insert into SELLITEM (ITEMNUM,USERID,ITEMNAME,ITEMPRICE,ITEMCONTENTS,ITEMZIPCODE,ITEMADDRESS,ITEMDEADDRESS,ITEMCATG) values (29,'gooddog777','도그살롱(셀프미용클래스)',60000,'도그살롱(미용클래스)에서
강아지와 즐겁고 행복한 시간을 만들어 보세요!',4605,'서울 중구 동호로 249 (장충동2가)','도그살롱','2');
Insert into SELLITEM (ITEMNUM,USERID,ITEMNAME,ITEMPRICE,ITEMCONTENTS,ITEMZIPCODE,ITEMADDRESS,ITEMDEADDRESS,ITEMCATG) values (31,'gooddog777','퍼스널트레이닝',150000,'스위트몽(퍼스널트레이닝)은 전문가의 세심한 커리큘럼을 토대로
강아지의 문제 행동을 교정합니다',6221,'서울 강남구 언주로89길 13 (역삼동)','스위트몽(퍼스널트레이닝)','3');
Insert into SELLITEM (ITEMNUM,USERID,ITEMNAME,ITEMPRICE,ITEMCONTENTS,ITEMZIPCODE,ITEMADDRESS,ITEMDEADDRESS,ITEMCATG) values (33,'happy77puppy','더멍101',45000,'더멍101은 작고 답답한 공간이 아닌 아늑하고 편안하게 휴식할 수 있는 
넓은 객실을 갖춘 프리미엄 애견호텔 입니다.',22004,'인천 연수구 테크노파크로 200 (송도동)','더멍101','1');
Insert into SELLITEM (ITEMNUM,USERID,ITEMNAME,ITEMPRICE,ITEMCONTENTS,ITEMZIPCODE,ITEMADDRESS,ITEMDEADDRESS,ITEMCATG) values (37,'happy77puppy','펍피',60000,'펍피는 작고 답답한 공간이 아닌 아늑하고 편안하게 휴식할 수 있는 
넓은 객실을 갖춘 프리미엄 애견호텔 입니다.',1000,'서울 강북구 삼양로 689 (우이동)','펍피','1');
Insert into SELLITEM (ITEMNUM,USERID,ITEMNAME,ITEMPRICE,ITEMCONTENTS,ITEMZIPCODE,ITEMADDRESS,ITEMDEADDRESS,ITEMCATG) values (39,'happy77puppy','도그메이트',45000,'도그메이트는 작고 답답한 공간이 아닌 아늑하고 편안하게 휴식할 수 있는 
넓은 객실을 갖춘 프리미엄 애견호텔 입니다.',6546,'서울 서초구 신반포로 176 (반포동)','도그메이트','1');
Insert into SELLITEM (ITEMNUM,USERID,ITEMNAME,ITEMPRICE,ITEMCONTENTS,ITEMZIPCODE,ITEMADDRESS,ITEMDEADDRESS,ITEMCATG) values (47,'happy77puppy','행동교정트레이닝',50000,'투퍼피에서 진행하는
행동교정트레이닝에 참여해보세요! ',5551,'서울 송파구 올림픽로 300 (신천동)','투퍼피','3');
Insert into SELLITEM (ITEMNUM,USERID,ITEMNAME,ITEMPRICE,ITEMCONTENTS,ITEMZIPCODE,ITEMADDRESS,ITEMDEADDRESS,ITEMCATG) values (67,'puppylove34','도그랑차차',35000,'도그랑차차는 작고 답답한 공간이 아닌 아늑하고 편안하게 휴식할 수 있는 
넓은 객실을 갖춘 프리미엄 애견호텔 입니다.',12456,'경기 가평군 청평면 고성리 393-4','도그랑차차','1');
Insert into SELLITEM (ITEMNUM,USERID,ITEMNAME,ITEMPRICE,ITEMCONTENTS,ITEMZIPCODE,ITEMADDRESS,ITEMDEADDRESS,ITEMCATG) values (69,'puppylove34','강아지똥',45000,'강아지똥은 작고 답답한 공간이 아닌 아늑하고 편안하게 휴식할 수 있는 
넓은 객실을 갖춘 프리미엄 애견호텔 입니다.',15650,'경기 안산시 단원구 부흥로 241-52 (대부남동)','강아지똥','1');
Insert into SELLITEM (ITEMNUM,USERID,ITEMNAME,ITEMPRICE,ITEMCONTENTS,ITEMZIPCODE,ITEMADDRESS,ITEMDEADDRESS,ITEMCATG) values (71,'puppylove34','하루강아지 펜션',65000,'하루강아지 펜션은 작고 답답한 공간이 아닌 아늑하고 편안하게 휴식할 수 있는 
넓은 객실을 갖춘 프리미엄 애견호텔 입니다.',12406,'경기 가평군 북면 백둔로650번길 205-10','하루강아지 펜션','1');
Insert into SELLITEM (ITEMNUM,USERID,ITEMNAME,ITEMPRICE,ITEMCONTENTS,ITEMZIPCODE,ITEMADDRESS,ITEMDEADDRESS,ITEMCATG) values (181,'ghkdlxld11','Pet Hotel',75000,'Pet Hotel',10246,'경기 고양시 일산동구 감내길 1 (성석동)','123','1');
Insert into SELLITEM (ITEMNUM,USERID,ITEMNAME,ITEMPRICE,ITEMCONTENTS,ITEMZIPCODE,ITEMADDRESS,ITEMDEADDRESS,ITEMCATG) values (105,'ghkdlxld11','코코 애견펜션 ',60000,'코코 애견펜션은 작고 답답한 공간이 아닌 아늑하고 편안하게 휴식할 수 있는 
넓은 객실을 갖춘 프리미엄 애견호텔 입니다.',22313,'인천 중구 제물량로 217 (항동3가)','코코 애견펜션 ','1');
Insert into SELLITEM (ITEMNUM,USERID,ITEMNAME,ITEMPRICE,ITEMCONTENTS,ITEMZIPCODE,ITEMADDRESS,ITEMDEADDRESS,ITEMCATG) values (161,'ghkdlxld11','애견펜션 휴',30000,'애견펜션 휴',25511,'강원 강릉시 가작로 10 (교동)','123','1');
Insert into SELLITEM (ITEMNUM,USERID,ITEMNAME,ITEMPRICE,ITEMCONTENTS,ITEMZIPCODE,ITEMADDRESS,ITEMDEADDRESS,ITEMCATG) values (163,'ghkdlxld11','HH 애견호텔 ',50000,'HH 애견호텔 ',18148,'경기 오산시 부산중앙로 11 (부산동, 오산시티자이 1단지)','1234','1');
Insert into SELLITEM (ITEMNUM,USERID,ITEMNAME,ITEMPRICE,ITEMCONTENTS,ITEMZIPCODE,ITEMADDRESS,ITEMDEADDRESS,ITEMCATG) values (165,'ghkdlxld11','왈왈 애견호텔',80000,'왈왈 애견호텔',8327,'서울 구로구 가마산로 97 (구로동, 구로현대아파트)','1234','1');
REM INSERTING into SELLQNA
SET DEFINE OFF;
Insert into SELLQNA (QNANUM,ITEMNUM,USERID,TITLE,CONTENTS) values (1,31,'m1','무닝','문의글');
REM INSERTING into SELLQNACOMMENT
SET DEFINE OFF;
Insert into SELLQNACOMMENT (SQNUM,QNANUM,SQWRITER,SQCONTENTS) values (2,1,'m1','확인');
REM INSERTING into SHARING
SET DEFINE OFF;
Insert into SHARING (NUM,TITLE,WRITER,REGDATE,HIT) values (16,'안녕하세요 반가워요','wldnjs',to_date('22/10/20','RR/MM/DD'),0);
Insert into SHARING (NUM,TITLE,WRITER,REGDATE,HIT) values (14,'안녕하세요 반가워요 같이 산책해요','KIM',to_date('22/10/14','RR/MM/DD'),2);
Insert into SHARING (NUM,TITLE,WRITER,REGDATE,HIT) values (15,'안녕하세요 애견 간식 공구해요 ~','KIM',to_date('22/10/14','RR/MM/DD'),1);
Insert into SHARING (NUM,TITLE,WRITER,REGDATE,HIT) values (18,'안녕하세요~ 좋은 산책로 공유 해요','q1',to_date('22/10/20','RR/MM/DD'),1);
Insert into SHARING (NUM,TITLE,WRITER,REGDATE,HIT) values (19,'같이 산책하실 분 구해요~','nux',to_date('22/10/20','RR/MM/DD'),1);
Insert into SHARING (NUM,TITLE,WRITER,REGDATE,HIT) values (20,'애견 미용샵 추천 부탁드려요','youngwon',to_date('22/10/20','RR/MM/DD'),1);
Insert into SHARING (NUM,TITLE,WRITER,REGDATE,HIT) values (21,'애견 동반 카페 추천부탁드려요','hyeongmin',to_date('22/10/20','RR/MM/DD'),2);
REM INSERTING into SHARINGFILE
SET DEFINE OFF;
Insert into SHARINGFILE (FILENUM,NUM,ORINAME,FILENAME) values (15,15,'사모예드.jpg','f89e262e-20c0-4304-8096-f97cee3a2877_사모예드.jpg');
Insert into SHARINGFILE (FILENUM,NUM,ORINAME,FILENAME) values (16,16,'랫테리어.jpg','04c0fc6c-ef39-4f65-9339-a1acaec30b6e_랫테리어.jpg');
Insert into SHARINGFILE (FILENUM,NUM,ORINAME,FILENAME) values (14,14,'닥스훈트.jpg','e99a8fca-ddac-4b6b-9da8-cd1c85d1e0ff_닥스훈트.jpg');
Insert into SHARINGFILE (FILENUM,NUM,ORINAME,FILENAME) values (18,18,'블루틱쿤하운드.jpg','e2f44c3c-5d08-4277-9f4e-429d48f1e483_블루틱쿤하운드.jpg');
Insert into SHARINGFILE (FILENUM,NUM,ORINAME,FILENAME) values (19,19,'바센지.jpg','3540416b-30e5-44ed-877e-07599c97c6b0_바센지.jpg');
Insert into SHARINGFILE (FILENUM,NUM,ORINAME,FILENAME) values (20,20,'토이폭스테리어.jpg','9c0f104e-aa91-49eb-9967-3ffb1f5de736_토이폭스테리어.jpg');
Insert into SHARINGFILE (FILENUM,NUM,ORINAME,FILENAME) values (21,21,'잉글리쉬토이스패니얼.jpg','47f4ce9c-0df9-4fe0-b2a6-f048e5f0ece2_잉글리쉬토이스패니얼.jpg');
REM INSERTING into SHCOMMENT
SET DEFINE OFF;
Insert into SHCOMMENT (COMMENTNUM,NUM,WRITER,CONTENTS,REGDATE) values (22,14,'jwjwjw','안녕하세요 ~ ',to_date('22/10/20','RR/MM/DD'));
Insert into SHCOMMENT (COMMENTNUM,NUM,WRITER,CONTENTS,REGDATE) values (25,21,'m10','안녕하세요 반가워요~',to_date('22/10/20','RR/MM/DD'));
Insert into SHCOMMENT (COMMENTNUM,NUM,WRITER,CONTENTS,REGDATE) values (23,19,'test20','안녕하세요 반가워요',to_date('22/10/20','RR/MM/DD'));
Insert into SHCOMMENT (COMMENTNUM,NUM,WRITER,CONTENTS,REGDATE) values (24,20,'test20','안녕하세요 반가워요',to_date('22/10/20','RR/MM/DD'));
REM INSERTING into SHOPCART
SET DEFINE OFF;
Insert into SHOPCART (SHOPNUM,ITEMNUM,USERID,TOTALPRICE,TOTALCOUNT,SHOPSTATUS) values (148,105,'wal',120000,1,'1');
REM INSERTING into USERCOUPON
SET DEFINE OFF;
Insert into USERCOUPON (NUM,USERID,COUPONNUM) values (7,null,3);
Insert into USERCOUPON (NUM,USERID,COUPONNUM) values (8,null,3);
Insert into USERCOUPON (NUM,USERID,COUPONNUM) values (9,'rhm1005',3);
--------------------------------------------------------
--  DDL for Index COUPONNUM_COUPON_PK
--------------------------------------------------------

  CREATE UNIQUE INDEX "COUPONNUM_COUPON_PK" ON "COUPON" ("COUPONNUM") 
  PCTFREE 10 INITRANS 2 MAXTRANS 255 COMPUTE STATISTICS 
  STORAGE(INITIAL 65536 NEXT 1048576 MINEXTENTS 1 MAXEXTENTS 2147483645
  PCTINCREASE 0 FREELISTS 1 FREELIST GROUPS 1
  BUFFER_POOL DEFAULT FLASH_CACHE DEFAULT CELL_FLASH_CACHE DEFAULT)
  TABLESPACE "USERS" ;
--------------------------------------------------------
--  DDL for Index FILENUM_EVNETFILE_PK
--------------------------------------------------------

  CREATE UNIQUE INDEX "FILENUM_EVNETFILE_PK" ON "EVENTFILE" ("FILENUM") 
  PCTFREE 10 INITRANS 2 MAXTRANS 255 COMPUTE STATISTICS 
  STORAGE(INITIAL 65536 NEXT 1048576 MINEXTENTS 1 MAXEXTENTS 2147483645
  PCTINCREASE 0 FREELISTS 1 FREELIST GROUPS 1
  BUFFER_POOL DEFAULT FLASH_CACHE DEFAULT CELL_FLASH_CACHE DEFAULT)
  TABLESPACE "USERS" ;
--------------------------------------------------------
--  DDL for Index FILENUM_NOTICEFILE_PK
--------------------------------------------------------

  CREATE UNIQUE INDEX "FILENUM_NOTICEFILE_PK" ON "NOTICEFILE" ("FILENUM") 
  PCTFREE 10 INITRANS 2 MAXTRANS 255 COMPUTE STATISTICS 
  TABLESPACE "USERS" ;
--------------------------------------------------------
--  DDL for Index FILENUM_QNAFILE_PK
--------------------------------------------------------

  CREATE UNIQUE INDEX "FILENUM_QNAFILE_PK" ON "QNAFILE" ("FILENUM") 
  PCTFREE 10 INITRANS 2 MAXTRANS 255 COMPUTE STATISTICS 
  TABLESPACE "USERS" ;
--------------------------------------------------------
--  DDL for Index FILENUM_SHARINGFILE_PK
--------------------------------------------------------

  CREATE UNIQUE INDEX "FILENUM_SHARINGFILE_PK" ON "SHARINGFILE" ("FILENUM") 
  PCTFREE 10 INITRANS 2 MAXTRANS 255 COMPUTE STATISTICS 
  STORAGE(INITIAL 65536 NEXT 1048576 MINEXTENTS 1 MAXEXTENTS 2147483645
  PCTINCREASE 0 FREELISTS 1 FREELIST GROUPS 1
  BUFFER_POOL DEFAULT FLASH_CACHE DEFAULT CELL_FLASH_CACHE DEFAULT)
  TABLESPACE "USERS" ;
--------------------------------------------------------
--  DDL for Index FOLLOW_FN_PK
--------------------------------------------------------

  CREATE UNIQUE INDEX "FOLLOW_FN_PK" ON "FOLLOW" ("FOLLOWNUM") 
  PCTFREE 10 INITRANS 2 MAXTRANS 255 COMPUTE STATISTICS 
  STORAGE(INITIAL 65536 NEXT 1048576 MINEXTENTS 1 MAXEXTENTS 2147483645
  PCTINCREASE 0 FREELISTS 1 FREELIST GROUPS 1
  BUFFER_POOL DEFAULT FLASH_CACHE DEFAULT CELL_FLASH_CACHE DEFAULT)
  TABLESPACE "USERS" ;
--------------------------------------------------------
--  DDL for Index GUEST_GI_PK
--------------------------------------------------------

  CREATE UNIQUE INDEX "GUEST_GI_PK" ON "GUEST" ("GUESTID") 
  PCTFREE 10 INITRANS 2 MAXTRANS 255 COMPUTE STATISTICS 
  STORAGE(INITIAL 65536 NEXT 1048576 MINEXTENTS 1 MAXEXTENTS 2147483645
  PCTINCREASE 0 FREELISTS 1 FREELIST GROUPS 1
  BUFFER_POOL DEFAULT FLASH_CACHE DEFAULT CELL_FLASH_CACHE DEFAULT)
  TABLESPACE "USERS" ;
--------------------------------------------------------
--  DDL for Index IMP_UID_CHECK_PK
--------------------------------------------------------

  CREATE UNIQUE INDEX "IMP_UID_CHECK_PK" ON "PURCHASE" ("IMP_UID") 
  PCTFREE 10 INITRANS 2 MAXTRANS 255 COMPUTE STATISTICS 
  STORAGE(INITIAL 65536 NEXT 1048576 MINEXTENTS 1 MAXEXTENTS 2147483645
  PCTINCREASE 0 FREELISTS 1 FREELIST GROUPS 1
  BUFFER_POOL DEFAULT FLASH_CACHE DEFAULT CELL_FLASH_CACHE DEFAULT)
  TABLESPACE "USERS" ;
--------------------------------------------------------
--  DDL for Index ITEMNUM_SELLITEM_PK
--------------------------------------------------------

  CREATE UNIQUE INDEX "ITEMNUM_SELLITEM_PK" ON "SELLITEM" ("ITEMNUM") 
  PCTFREE 10 INITRANS 2 MAXTRANS 255 COMPUTE STATISTICS 
  STORAGE(INITIAL 65536 NEXT 1048576 MINEXTENTS 1 MAXEXTENTS 2147483645
  PCTINCREASE 0 FREELISTS 1 FREELIST GROUPS 1
  BUFFER_POOL DEFAULT FLASH_CACHE DEFAULT CELL_FLASH_CACHE DEFAULT)
  TABLESPACE "USERS" ;
--------------------------------------------------------
--  DDL for Index MEMBER_UI_PK
--------------------------------------------------------

  CREATE UNIQUE INDEX "MEMBER_UI_PK" ON "MEMBER" ("USERID") 
  PCTFREE 10 INITRANS 2 MAXTRANS 255 COMPUTE STATISTICS 
  STORAGE(INITIAL 65536 NEXT 1048576 MINEXTENTS 1 MAXEXTENTS 2147483645
  PCTINCREASE 0 FREELISTS 1 FREELIST GROUPS 1
  BUFFER_POOL DEFAULT FLASH_CACHE DEFAULT CELL_FLASH_CACHE DEFAULT)
  TABLESPACE "USERS" ;
--------------------------------------------------------
--  DDL for Index MEMFILE_FN_PK
--------------------------------------------------------

  CREATE UNIQUE INDEX "MEMFILE_FN_PK" ON "MEMFILE" ("FILENUM") 
  PCTFREE 10 INITRANS 2 MAXTRANS 255 COMPUTE STATISTICS 
  STORAGE(INITIAL 65536 NEXT 1048576 MINEXTENTS 1 MAXEXTENTS 2147483645
  PCTINCREASE 0 FREELISTS 1 FREELIST GROUPS 1
  BUFFER_POOL DEFAULT FLASH_CACHE DEFAULT CELL_FLASH_CACHE DEFAULT)
  TABLESPACE "USERS" ;
--------------------------------------------------------
--  DDL for Index MERCHANT_UID_PURCHASECANCEL_PK
--------------------------------------------------------

  CREATE UNIQUE INDEX "MERCHANT_UID_PURCHASECANCEL_PK" ON "PURCHASECANCEL" ("MERCHANT_UID") 
  PCTFREE 10 INITRANS 2 MAXTRANS 255 COMPUTE STATISTICS 
  STORAGE(INITIAL 65536 NEXT 1048576 MINEXTENTS 1 MAXEXTENTS 2147483645
  PCTINCREASE 0 FREELISTS 1 FREELIST GROUPS 1
  BUFFER_POOL DEFAULT FLASH_CACHE DEFAULT CELL_FLASH_CACHE DEFAULT)
  TABLESPACE "USERS" ;
--------------------------------------------------------
--  DDL for Index NUM_EVENT_PK
--------------------------------------------------------

  CREATE UNIQUE INDEX "NUM_EVENT_PK" ON "EVENT" ("NUM") 
  PCTFREE 10 INITRANS 2 MAXTRANS 255 COMPUTE STATISTICS 
  STORAGE(INITIAL 65536 NEXT 1048576 MINEXTENTS 1 MAXEXTENTS 2147483645
  PCTINCREASE 0 FREELISTS 1 FREELIST GROUPS 1
  BUFFER_POOL DEFAULT FLASH_CACHE DEFAULT CELL_FLASH_CACHE DEFAULT)
  TABLESPACE "USERS" ;
--------------------------------------------------------
--  DDL for Index NUM_QNA_PK
--------------------------------------------------------

  CREATE UNIQUE INDEX "NUM_QNA_PK" ON "QNA" ("NUM") 
  PCTFREE 10 INITRANS 2 MAXTRANS 255 COMPUTE STATISTICS 
  STORAGE(INITIAL 65536 NEXT 1048576 MINEXTENTS 1 MAXEXTENTS 2147483645
  PCTINCREASE 0 FREELISTS 1 FREELIST GROUPS 1
  BUFFER_POOL DEFAULT FLASH_CACHE DEFAULT CELL_FLASH_CACHE DEFAULT)
  TABLESPACE "USERS" ;
--------------------------------------------------------
--  DDL for Index NUM_SHARING_PK
--------------------------------------------------------

  CREATE UNIQUE INDEX "NUM_SHARING_PK" ON "SHARING" ("NUM") 
  PCTFREE 10 INITRANS 2 MAXTRANS 255 COMPUTE STATISTICS 
  STORAGE(INITIAL 65536 NEXT 1048576 MINEXTENTS 1 MAXEXTENTS 2147483645
  PCTINCREASE 0 FREELISTS 1 FREELIST GROUPS 1
  BUFFER_POOL DEFAULT FLASH_CACHE DEFAULT CELL_FLASH_CACHE DEFAULT)
  TABLESPACE "USERS" ;
--------------------------------------------------------
--  DDL for Index PHOTONUM_RVFILE_PK
--------------------------------------------------------

  CREATE UNIQUE INDEX "PHOTONUM_RVFILE_PK" ON "RVFILE" ("PHOTONUM") 
  PCTFREE 10 INITRANS 2 MAXTRANS 255 COMPUTE STATISTICS 
  STORAGE(INITIAL 65536 NEXT 1048576 MINEXTENTS 1 MAXEXTENTS 2147483645
  PCTINCREASE 0 FREELISTS 1 FREELIST GROUPS 1
  BUFFER_POOL DEFAULT FLASH_CACHE DEFAULT CELL_FLASH_CACHE DEFAULT)
  TABLESPACE "USERS" ;
--------------------------------------------------------
--  DDL for Index PHOTONUM_SELLFILE_PK
--------------------------------------------------------

  CREATE UNIQUE INDEX "PHOTONUM_SELLFILE_PK" ON "SELLFILE" ("PHOTONUM") 
  PCTFREE 10 INITRANS 2 MAXTRANS 255 COMPUTE STATISTICS 
  STORAGE(INITIAL 65536 NEXT 1048576 MINEXTENTS 1 MAXEXTENTS 2147483645
  PCTINCREASE 0 FREELISTS 1 FREELIST GROUPS 1
  BUFFER_POOL DEFAULT FLASH_CACHE DEFAULT CELL_FLASH_CACHE DEFAULT)
  TABLESPACE "USERS" ;
--------------------------------------------------------
--  DDL for Index PICKNUM_PICK_PK
--------------------------------------------------------

  CREATE UNIQUE INDEX "PICKNUM_PICK_PK" ON "PICK" ("PICKNUM") 
  PCTFREE 10 INITRANS 2 MAXTRANS 255 COMPUTE STATISTICS 
  STORAGE(INITIAL 65536 NEXT 1048576 MINEXTENTS 1 MAXEXTENTS 2147483645
  PCTINCREASE 0 FREELISTS 1 FREELIST GROUPS 1
  BUFFER_POOL DEFAULT FLASH_CACHE DEFAULT CELL_FLASH_CACHE DEFAULT)
  TABLESPACE "USERS" ;
--------------------------------------------------------
--  DDL for Index PK_CATEGORY_CATEGORYNUM
--------------------------------------------------------

  CREATE UNIQUE INDEX "PK_CATEGORY_CATEGORYNUM" ON "CATEGORY" ("CATEGORYNUM") 
  PCTFREE 10 INITRANS 2 MAXTRANS 255 COMPUTE STATISTICS 
  STORAGE(INITIAL 65536 NEXT 1048576 MINEXTENTS 1 MAXEXTENTS 2147483645
  PCTINCREASE 0 FREELISTS 1 FREELIST GROUPS 1
  BUFFER_POOL DEFAULT FLASH_CACHE DEFAULT CELL_FLASH_CACHE DEFAULT)
  TABLESPACE "USERS" ;
--------------------------------------------------------
--  DDL for Index PK_NOTICE
--------------------------------------------------------

  CREATE UNIQUE INDEX "PK_NOTICE" ON "NOTICE" ("NUM") 
  PCTFREE 10 INITRANS 2 MAXTRANS 255 COMPUTE STATISTICS 
  STORAGE(INITIAL 65536 NEXT 1048576 MINEXTENTS 1 MAXEXTENTS 2147483645
  PCTINCREASE 0 FREELISTS 1 FREELIST GROUPS 1
  BUFFER_POOL DEFAULT FLASH_CACHE DEFAULT CELL_FLASH_CACHE DEFAULT)
  TABLESPACE "USERS" ;
--------------------------------------------------------
--  DDL for Index PK_SELLCATEGORY_SELLCATEGORYNUM
--------------------------------------------------------

  CREATE UNIQUE INDEX "PK_SELLCATEGORY_SELLCATEGORYNUM" ON "SELLCATEGORY" ("SELLCATEGORYNUM") 
  PCTFREE 10 INITRANS 2 MAXTRANS 255 COMPUTE STATISTICS 
  STORAGE(INITIAL 65536 NEXT 1048576 MINEXTENTS 1 MAXEXTENTS 2147483645
  PCTINCREASE 0 FREELISTS 1 FREELIST GROUPS 1
  BUFFER_POOL DEFAULT FLASH_CACHE DEFAULT CELL_FLASH_CACHE DEFAULT)
  TABLESPACE "USERS" ;
--------------------------------------------------------
--  DDL for Index QNANUM_SELLQNA_PK
--------------------------------------------------------

  CREATE UNIQUE INDEX "QNANUM_SELLQNA_PK" ON "SELLQNA" ("QNANUM") 
  PCTFREE 10 INITRANS 2 MAXTRANS 255 COMPUTE STATISTICS 
  STORAGE(INITIAL 65536 NEXT 1048576 MINEXTENTS 1 MAXEXTENTS 2147483645
  PCTINCREASE 0 FREELISTS 1 FREELIST GROUPS 1
  BUFFER_POOL DEFAULT FLASH_CACHE DEFAULT CELL_FLASH_CACHE DEFAULT)
  TABLESPACE "USERS" ;
--------------------------------------------------------
--  DDL for Index ROLE_RN_PK
--------------------------------------------------------

  CREATE UNIQUE INDEX "ROLE_RN_PK" ON "ROLE" ("ROLENUM") 
  PCTFREE 10 INITRANS 2 MAXTRANS 255 COMPUTE STATISTICS 
  STORAGE(INITIAL 65536 NEXT 1048576 MINEXTENTS 1 MAXEXTENTS 2147483645
  PCTINCREASE 0 FREELISTS 1 FREELIST GROUPS 1
  BUFFER_POOL DEFAULT FLASH_CACHE DEFAULT CELL_FLASH_CACHE DEFAULT)
  TABLESPACE "USERS" ;
--------------------------------------------------------
--  DDL for Index RVCNUM_RVCOMMENT_PK
--------------------------------------------------------

  CREATE UNIQUE INDEX "RVCNUM_RVCOMMENT_PK" ON "RVCOMMENT" ("RVCNUM") 
  PCTFREE 10 INITRANS 2 MAXTRANS 255 COMPUTE STATISTICS 
  STORAGE(INITIAL 65536 NEXT 1048576 MINEXTENTS 1 MAXEXTENTS 2147483645
  PCTINCREASE 0 FREELISTS 1 FREELIST GROUPS 1
  BUFFER_POOL DEFAULT FLASH_CACHE DEFAULT CELL_FLASH_CACHE DEFAULT)
  TABLESPACE "USERS" ;
--------------------------------------------------------
--  DDL for Index RVNUM_REVIEW_PK
--------------------------------------------------------

  CREATE UNIQUE INDEX "RVNUM_REVIEW_PK" ON "REVIEW" ("RVNUM") 
  PCTFREE 10 INITRANS 2 MAXTRANS 255 COMPUTE STATISTICS 
  STORAGE(INITIAL 65536 NEXT 1048576 MINEXTENTS 1 MAXEXTENTS 2147483645
  PCTINCREASE 0 FREELISTS 1 FREELIST GROUPS 1
  BUFFER_POOL DEFAULT FLASH_CACHE DEFAULT CELL_FLASH_CACHE DEFAULT)
  TABLESPACE "USERS" ;
--------------------------------------------------------
--  DDL for Index SHCOMMENT_COMMENTNUM_PK
--------------------------------------------------------

  CREATE UNIQUE INDEX "SHCOMMENT_COMMENTNUM_PK" ON "SHCOMMENT" ("COMMENTNUM") 
  PCTFREE 10 INITRANS 2 MAXTRANS 255 COMPUTE STATISTICS 
  STORAGE(INITIAL 65536 NEXT 1048576 MINEXTENTS 1 MAXEXTENTS 2147483645
  PCTINCREASE 0 FREELISTS 1 FREELIST GROUPS 1
  BUFFER_POOL DEFAULT FLASH_CACHE DEFAULT CELL_FLASH_CACHE DEFAULT)
  TABLESPACE "USERS" ;
--------------------------------------------------------
--  DDL for Index SHOPNUM_SHOPCART_PK
--------------------------------------------------------

  CREATE UNIQUE INDEX "SHOPNUM_SHOPCART_PK" ON "SHOPCART" ("SHOPNUM") 
  PCTFREE 10 INITRANS 2 MAXTRANS 255 COMPUTE STATISTICS 
  STORAGE(INITIAL 65536 NEXT 1048576 MINEXTENTS 1 MAXEXTENTS 2147483645
  PCTINCREASE 0 FREELISTS 1 FREELIST GROUPS 1
  BUFFER_POOL DEFAULT FLASH_CACHE DEFAULT CELL_FLASH_CACHE DEFAULT)
  TABLESPACE "USERS" ;
--------------------------------------------------------
--  DDL for Index SQNUM_SELLQNACOMMENT_PK
--------------------------------------------------------

  CREATE UNIQUE INDEX "SQNUM_SELLQNACOMMENT_PK" ON "SELLQNACOMMENT" ("SQNUM") 
  PCTFREE 10 INITRANS 2 MAXTRANS 255 COMPUTE STATISTICS 
  STORAGE(INITIAL 65536 NEXT 1048576 MINEXTENTS 1 MAXEXTENTS 2147483645
  PCTINCREASE 0 FREELISTS 1 FREELIST GROUPS 1
  BUFFER_POOL DEFAULT FLASH_CACHE DEFAULT CELL_FLASH_CACHE DEFAULT)
  TABLESPACE "USERS" ;
--------------------------------------------------------
--  DDL for Index SYS_IL0000077474C00006$$
--------------------------------------------------------

  CREATE UNIQUE INDEX "SYS_IL0000077474C00006$$" ON "NOTICE" (
  PCTFREE 10 INITRANS 2 MAXTRANS 255 
  STORAGE(INITIAL 65536 NEXT 1048576 MINEXTENTS 1 MAXEXTENTS 2147483645
  PCTINCREASE 0 FREELISTS 1 FREELIST GROUPS 1
  BUFFER_POOL DEFAULT FLASH_CACHE DEFAULT CELL_FLASH_CACHE DEFAULT)
  TABLESPACE "USERS" 
  PARALLEL (DEGREE 0 INSTANCES 0) ;
--------------------------------------------------------
--  DDL for Index SYS_IL0000077482C00004$$
--------------------------------------------------------

  CREATE UNIQUE INDEX "SYS_IL0000077482C00004$$" ON "QNA" (
  PCTFREE 10 INITRANS 2 MAXTRANS 255 
  STORAGE(INITIAL 65536 NEXT 1048576 MINEXTENTS 1 MAXEXTENTS 2147483645
  PCTINCREASE 0 FREELISTS 1 FREELIST GROUPS 1
  BUFFER_POOL DEFAULT FLASH_CACHE DEFAULT CELL_FLASH_CACHE DEFAULT)
  TABLESPACE "USERS" 
  PARALLEL (DEGREE 0 INSTANCES 0) ;
--------------------------------------------------------
--  DDL for Index SYS_IL0000077498C00006$$
--------------------------------------------------------

  CREATE UNIQUE INDEX "SYS_IL0000077498C00006$$" ON "SHARING" (
  PCTFREE 10 INITRANS 2 MAXTRANS 255 
  STORAGE(INITIAL 65536 NEXT 1048576 MINEXTENTS 1 MAXEXTENTS 2147483645
  PCTINCREASE 0 FREELISTS 1 FREELIST GROUPS 1
  BUFFER_POOL DEFAULT FLASH_CACHE DEFAULT CELL_FLASH_CACHE DEFAULT)
  TABLESPACE "USERS" 
  PARALLEL (DEGREE 0 INSTANCES 0) ;
--------------------------------------------------------
--  DDL for Index SYS_IL0000078154C00004$$
--------------------------------------------------------

  CREATE UNIQUE INDEX "SYS_IL0000078154C00004$$" ON "EVENT" (
  PCTFREE 10 INITRANS 2 MAXTRANS 255 
  STORAGE(INITIAL 65536 NEXT 1048576 MINEXTENTS 1 MAXEXTENTS 2147483645
  PCTINCREASE 0 FREELISTS 1 FREELIST GROUPS 1
  BUFFER_POOL DEFAULT FLASH_CACHE DEFAULT CELL_FLASH_CACHE DEFAULT)
  TABLESPACE "USERS" 
  PARALLEL (DEGREE 0 INSTANCES 0) ;
--------------------------------------------------------
--  DDL for Index PK_CATEGORY_CATEGORYNUM
--------------------------------------------------------

  CREATE UNIQUE INDEX "PK_CATEGORY_CATEGORYNUM" ON "CATEGORY" ("CATEGORYNUM") 
  PCTFREE 10 INITRANS 2 MAXTRANS 255 COMPUTE STATISTICS 
  STORAGE(INITIAL 65536 NEXT 1048576 MINEXTENTS 1 MAXEXTENTS 2147483645
  PCTINCREASE 0 FREELISTS 1 FREELIST GROUPS 1
  BUFFER_POOL DEFAULT FLASH_CACHE DEFAULT CELL_FLASH_CACHE DEFAULT)
  TABLESPACE "USERS" ;
--------------------------------------------------------
--  DDL for Index COUPONNUM_COUPON_PK
--------------------------------------------------------

  CREATE UNIQUE INDEX "COUPONNUM_COUPON_PK" ON "COUPON" ("COUPONNUM") 
  PCTFREE 10 INITRANS 2 MAXTRANS 255 COMPUTE STATISTICS 
  STORAGE(INITIAL 65536 NEXT 1048576 MINEXTENTS 1 MAXEXTENTS 2147483645
  PCTINCREASE 0 FREELISTS 1 FREELIST GROUPS 1
  BUFFER_POOL DEFAULT FLASH_CACHE DEFAULT CELL_FLASH_CACHE DEFAULT)
  TABLESPACE "USERS" ;
--------------------------------------------------------
--  DDL for Index NUM_EVENT_PK
--------------------------------------------------------

  CREATE UNIQUE INDEX "NUM_EVENT_PK" ON "EVENT" ("NUM") 
  PCTFREE 10 INITRANS 2 MAXTRANS 255 COMPUTE STATISTICS 
  STORAGE(INITIAL 65536 NEXT 1048576 MINEXTENTS 1 MAXEXTENTS 2147483645
  PCTINCREASE 0 FREELISTS 1 FREELIST GROUPS 1
  BUFFER_POOL DEFAULT FLASH_CACHE DEFAULT CELL_FLASH_CACHE DEFAULT)
  TABLESPACE "USERS" ;
--------------------------------------------------------
--  DDL for Index FILENUM_EVNETFILE_PK
--------------------------------------------------------

  CREATE UNIQUE INDEX "FILENUM_EVNETFILE_PK" ON "EVENTFILE" ("FILENUM") 
  PCTFREE 10 INITRANS 2 MAXTRANS 255 COMPUTE STATISTICS 
  STORAGE(INITIAL 65536 NEXT 1048576 MINEXTENTS 1 MAXEXTENTS 2147483645
  PCTINCREASE 0 FREELISTS 1 FREELIST GROUPS 1
  BUFFER_POOL DEFAULT FLASH_CACHE DEFAULT CELL_FLASH_CACHE DEFAULT)
  TABLESPACE "USERS" ;
--------------------------------------------------------
--  DDL for Index FOLLOW_FN_PK
--------------------------------------------------------

  CREATE UNIQUE INDEX "FOLLOW_FN_PK" ON "FOLLOW" ("FOLLOWNUM") 
  PCTFREE 10 INITRANS 2 MAXTRANS 255 COMPUTE STATISTICS 
  STORAGE(INITIAL 65536 NEXT 1048576 MINEXTENTS 1 MAXEXTENTS 2147483645
  PCTINCREASE 0 FREELISTS 1 FREELIST GROUPS 1
  BUFFER_POOL DEFAULT FLASH_CACHE DEFAULT CELL_FLASH_CACHE DEFAULT)
  TABLESPACE "USERS" ;
--------------------------------------------------------
--  DDL for Index GUEST_GI_PK
--------------------------------------------------------

  CREATE UNIQUE INDEX "GUEST_GI_PK" ON "GUEST" ("GUESTID") 
  PCTFREE 10 INITRANS 2 MAXTRANS 255 COMPUTE STATISTICS 
  STORAGE(INITIAL 65536 NEXT 1048576 MINEXTENTS 1 MAXEXTENTS 2147483645
  PCTINCREASE 0 FREELISTS 1 FREELIST GROUPS 1
  BUFFER_POOL DEFAULT FLASH_CACHE DEFAULT CELL_FLASH_CACHE DEFAULT)
  TABLESPACE "USERS" ;
--------------------------------------------------------
--  DDL for Index MEMBER_UI_PK
--------------------------------------------------------

  CREATE UNIQUE INDEX "MEMBER_UI_PK" ON "MEMBER" ("USERID") 
  PCTFREE 10 INITRANS 2 MAXTRANS 255 COMPUTE STATISTICS 
  STORAGE(INITIAL 65536 NEXT 1048576 MINEXTENTS 1 MAXEXTENTS 2147483645
  PCTINCREASE 0 FREELISTS 1 FREELIST GROUPS 1
  BUFFER_POOL DEFAULT FLASH_CACHE DEFAULT CELL_FLASH_CACHE DEFAULT)
  TABLESPACE "USERS" ;
--------------------------------------------------------
--  DDL for Index MEMFILE_FN_PK
--------------------------------------------------------

  CREATE UNIQUE INDEX "MEMFILE_FN_PK" ON "MEMFILE" ("FILENUM") 
  PCTFREE 10 INITRANS 2 MAXTRANS 255 COMPUTE STATISTICS 
  STORAGE(INITIAL 65536 NEXT 1048576 MINEXTENTS 1 MAXEXTENTS 2147483645
  PCTINCREASE 0 FREELISTS 1 FREELIST GROUPS 1
  BUFFER_POOL DEFAULT FLASH_CACHE DEFAULT CELL_FLASH_CACHE DEFAULT)
  TABLESPACE "USERS" ;
--------------------------------------------------------
--  DDL for Index PK_NOTICE
--------------------------------------------------------

  CREATE UNIQUE INDEX "PK_NOTICE" ON "NOTICE" ("NUM") 
  PCTFREE 10 INITRANS 2 MAXTRANS 255 COMPUTE STATISTICS 
  STORAGE(INITIAL 65536 NEXT 1048576 MINEXTENTS 1 MAXEXTENTS 2147483645
  PCTINCREASE 0 FREELISTS 1 FREELIST GROUPS 1
  BUFFER_POOL DEFAULT FLASH_CACHE DEFAULT CELL_FLASH_CACHE DEFAULT)
  TABLESPACE "USERS" ;
--------------------------------------------------------
--  DDL for Index FILENUM_NOTICEFILE_PK
--------------------------------------------------------

  CREATE UNIQUE INDEX "FILENUM_NOTICEFILE_PK" ON "NOTICEFILE" ("FILENUM") 
  PCTFREE 10 INITRANS 2 MAXTRANS 255 COMPUTE STATISTICS 
  TABLESPACE "USERS" ;
--------------------------------------------------------
--  DDL for Index PICKNUM_PICK_PK
--------------------------------------------------------

  CREATE UNIQUE INDEX "PICKNUM_PICK_PK" ON "PICK" ("PICKNUM") 
  PCTFREE 10 INITRANS 2 MAXTRANS 255 COMPUTE STATISTICS 
  STORAGE(INITIAL 65536 NEXT 1048576 MINEXTENTS 1 MAXEXTENTS 2147483645
  PCTINCREASE 0 FREELISTS 1 FREELIST GROUPS 1
  BUFFER_POOL DEFAULT FLASH_CACHE DEFAULT CELL_FLASH_CACHE DEFAULT)
  TABLESPACE "USERS" ;
--------------------------------------------------------
--  DDL for Index IMP_UID_CHECK_PK
--------------------------------------------------------

  CREATE UNIQUE INDEX "IMP_UID_CHECK_PK" ON "PURCHASE" ("IMP_UID") 
  PCTFREE 10 INITRANS 2 MAXTRANS 255 COMPUTE STATISTICS 
  STORAGE(INITIAL 65536 NEXT 1048576 MINEXTENTS 1 MAXEXTENTS 2147483645
  PCTINCREASE 0 FREELISTS 1 FREELIST GROUPS 1
  BUFFER_POOL DEFAULT FLASH_CACHE DEFAULT CELL_FLASH_CACHE DEFAULT)
  TABLESPACE "USERS" ;
--------------------------------------------------------
--  DDL for Index MERCHANT_UID_PURCHASECANCEL_PK
--------------------------------------------------------

  CREATE UNIQUE INDEX "MERCHANT_UID_PURCHASECANCEL_PK" ON "PURCHASECANCEL" ("MERCHANT_UID") 
  PCTFREE 10 INITRANS 2 MAXTRANS 255 COMPUTE STATISTICS 
  STORAGE(INITIAL 65536 NEXT 1048576 MINEXTENTS 1 MAXEXTENTS 2147483645
  PCTINCREASE 0 FREELISTS 1 FREELIST GROUPS 1
  BUFFER_POOL DEFAULT FLASH_CACHE DEFAULT CELL_FLASH_CACHE DEFAULT)
  TABLESPACE "USERS" ;
--------------------------------------------------------
--  DDL for Index NUM_QNA_PK
--------------------------------------------------------

  CREATE UNIQUE INDEX "NUM_QNA_PK" ON "QNA" ("NUM") 
  PCTFREE 10 INITRANS 2 MAXTRANS 255 COMPUTE STATISTICS 
  STORAGE(INITIAL 65536 NEXT 1048576 MINEXTENTS 1 MAXEXTENTS 2147483645
  PCTINCREASE 0 FREELISTS 1 FREELIST GROUPS 1
  BUFFER_POOL DEFAULT FLASH_CACHE DEFAULT CELL_FLASH_CACHE DEFAULT)
  TABLESPACE "USERS" ;
--------------------------------------------------------
--  DDL for Index FILENUM_QNAFILE_PK
--------------------------------------------------------

  CREATE UNIQUE INDEX "FILENUM_QNAFILE_PK" ON "QNAFILE" ("FILENUM") 
  PCTFREE 10 INITRANS 2 MAXTRANS 255 COMPUTE STATISTICS 
  TABLESPACE "USERS" ;
--------------------------------------------------------
--  DDL for Index RVNUM_REVIEW_PK
--------------------------------------------------------

  CREATE UNIQUE INDEX "RVNUM_REVIEW_PK" ON "REVIEW" ("RVNUM") 
  PCTFREE 10 INITRANS 2 MAXTRANS 255 COMPUTE STATISTICS 
  STORAGE(INITIAL 65536 NEXT 1048576 MINEXTENTS 1 MAXEXTENTS 2147483645
  PCTINCREASE 0 FREELISTS 1 FREELIST GROUPS 1
  BUFFER_POOL DEFAULT FLASH_CACHE DEFAULT CELL_FLASH_CACHE DEFAULT)
  TABLESPACE "USERS" ;
--------------------------------------------------------
--  DDL for Index ROLE_RN_PK
--------------------------------------------------------

  CREATE UNIQUE INDEX "ROLE_RN_PK" ON "ROLE" ("ROLENUM") 
  PCTFREE 10 INITRANS 2 MAXTRANS 255 COMPUTE STATISTICS 
  STORAGE(INITIAL 65536 NEXT 1048576 MINEXTENTS 1 MAXEXTENTS 2147483645
  PCTINCREASE 0 FREELISTS 1 FREELIST GROUPS 1
  BUFFER_POOL DEFAULT FLASH_CACHE DEFAULT CELL_FLASH_CACHE DEFAULT)
  TABLESPACE "USERS" ;
--------------------------------------------------------
--  DDL for Index RVCNUM_RVCOMMENT_PK
--------------------------------------------------------

  CREATE UNIQUE INDEX "RVCNUM_RVCOMMENT_PK" ON "RVCOMMENT" ("RVCNUM") 
  PCTFREE 10 INITRANS 2 MAXTRANS 255 COMPUTE STATISTICS 
  STORAGE(INITIAL 65536 NEXT 1048576 MINEXTENTS 1 MAXEXTENTS 2147483645
  PCTINCREASE 0 FREELISTS 1 FREELIST GROUPS 1
  BUFFER_POOL DEFAULT FLASH_CACHE DEFAULT CELL_FLASH_CACHE DEFAULT)
  TABLESPACE "USERS" ;
--------------------------------------------------------
--  DDL for Index PHOTONUM_RVFILE_PK
--------------------------------------------------------

  CREATE UNIQUE INDEX "PHOTONUM_RVFILE_PK" ON "RVFILE" ("PHOTONUM") 
  PCTFREE 10 INITRANS 2 MAXTRANS 255 COMPUTE STATISTICS 
  STORAGE(INITIAL 65536 NEXT 1048576 MINEXTENTS 1 MAXEXTENTS 2147483645
  PCTINCREASE 0 FREELISTS 1 FREELIST GROUPS 1
  BUFFER_POOL DEFAULT FLASH_CACHE DEFAULT CELL_FLASH_CACHE DEFAULT)
  TABLESPACE "USERS" ;
--------------------------------------------------------
--  DDL for Index PK_SELLCATEGORY_SELLCATEGORYNUM
--------------------------------------------------------

  CREATE UNIQUE INDEX "PK_SELLCATEGORY_SELLCATEGORYNUM" ON "SELLCATEGORY" ("SELLCATEGORYNUM") 
  PCTFREE 10 INITRANS 2 MAXTRANS 255 COMPUTE STATISTICS 
  STORAGE(INITIAL 65536 NEXT 1048576 MINEXTENTS 1 MAXEXTENTS 2147483645
  PCTINCREASE 0 FREELISTS 1 FREELIST GROUPS 1
  BUFFER_POOL DEFAULT FLASH_CACHE DEFAULT CELL_FLASH_CACHE DEFAULT)
  TABLESPACE "USERS" ;
--------------------------------------------------------
--  DDL for Index PHOTONUM_SELLFILE_PK
--------------------------------------------------------

  CREATE UNIQUE INDEX "PHOTONUM_SELLFILE_PK" ON "SELLFILE" ("PHOTONUM") 
  PCTFREE 10 INITRANS 2 MAXTRANS 255 COMPUTE STATISTICS 
  STORAGE(INITIAL 65536 NEXT 1048576 MINEXTENTS 1 MAXEXTENTS 2147483645
  PCTINCREASE 0 FREELISTS 1 FREELIST GROUPS 1
  BUFFER_POOL DEFAULT FLASH_CACHE DEFAULT CELL_FLASH_CACHE DEFAULT)
  TABLESPACE "USERS" ;
--------------------------------------------------------
--  DDL for Index ITEMNUM_SELLITEM_PK
--------------------------------------------------------

  CREATE UNIQUE INDEX "ITEMNUM_SELLITEM_PK" ON "SELLITEM" ("ITEMNUM") 
  PCTFREE 10 INITRANS 2 MAXTRANS 255 COMPUTE STATISTICS 
  STORAGE(INITIAL 65536 NEXT 1048576 MINEXTENTS 1 MAXEXTENTS 2147483645
  PCTINCREASE 0 FREELISTS 1 FREELIST GROUPS 1
  BUFFER_POOL DEFAULT FLASH_CACHE DEFAULT CELL_FLASH_CACHE DEFAULT)
  TABLESPACE "USERS" ;
--------------------------------------------------------
--  DDL for Index QNANUM_SELLQNA_PK
--------------------------------------------------------

  CREATE UNIQUE INDEX "QNANUM_SELLQNA_PK" ON "SELLQNA" ("QNANUM") 
  PCTFREE 10 INITRANS 2 MAXTRANS 255 COMPUTE STATISTICS 
  STORAGE(INITIAL 65536 NEXT 1048576 MINEXTENTS 1 MAXEXTENTS 2147483645
  PCTINCREASE 0 FREELISTS 1 FREELIST GROUPS 1
  BUFFER_POOL DEFAULT FLASH_CACHE DEFAULT CELL_FLASH_CACHE DEFAULT)
  TABLESPACE "USERS" ;
--------------------------------------------------------
--  DDL for Index SQNUM_SELLQNACOMMENT_PK
--------------------------------------------------------

  CREATE UNIQUE INDEX "SQNUM_SELLQNACOMMENT_PK" ON "SELLQNACOMMENT" ("SQNUM") 
  PCTFREE 10 INITRANS 2 MAXTRANS 255 COMPUTE STATISTICS 
  STORAGE(INITIAL 65536 NEXT 1048576 MINEXTENTS 1 MAXEXTENTS 2147483645
  PCTINCREASE 0 FREELISTS 1 FREELIST GROUPS 1
  BUFFER_POOL DEFAULT FLASH_CACHE DEFAULT CELL_FLASH_CACHE DEFAULT)
  TABLESPACE "USERS" ;
--------------------------------------------------------
--  DDL for Index NUM_SHARING_PK
--------------------------------------------------------

  CREATE UNIQUE INDEX "NUM_SHARING_PK" ON "SHARING" ("NUM") 
  PCTFREE 10 INITRANS 2 MAXTRANS 255 COMPUTE STATISTICS 
  STORAGE(INITIAL 65536 NEXT 1048576 MINEXTENTS 1 MAXEXTENTS 2147483645
  PCTINCREASE 0 FREELISTS 1 FREELIST GROUPS 1
  BUFFER_POOL DEFAULT FLASH_CACHE DEFAULT CELL_FLASH_CACHE DEFAULT)
  TABLESPACE "USERS" ;
--------------------------------------------------------
--  DDL for Index FILENUM_SHARINGFILE_PK
--------------------------------------------------------

  CREATE UNIQUE INDEX "FILENUM_SHARINGFILE_PK" ON "SHARINGFILE" ("FILENUM") 
  PCTFREE 10 INITRANS 2 MAXTRANS 255 COMPUTE STATISTICS 
  STORAGE(INITIAL 65536 NEXT 1048576 MINEXTENTS 1 MAXEXTENTS 2147483645
  PCTINCREASE 0 FREELISTS 1 FREELIST GROUPS 1
  BUFFER_POOL DEFAULT FLASH_CACHE DEFAULT CELL_FLASH_CACHE DEFAULT)
  TABLESPACE "USERS" ;
--------------------------------------------------------
--  DDL for Index SHCOMMENT_COMMENTNUM_PK
--------------------------------------------------------

  CREATE UNIQUE INDEX "SHCOMMENT_COMMENTNUM_PK" ON "SHCOMMENT" ("COMMENTNUM") 
  PCTFREE 10 INITRANS 2 MAXTRANS 255 COMPUTE STATISTICS 
  STORAGE(INITIAL 65536 NEXT 1048576 MINEXTENTS 1 MAXEXTENTS 2147483645
  PCTINCREASE 0 FREELISTS 1 FREELIST GROUPS 1
  BUFFER_POOL DEFAULT FLASH_CACHE DEFAULT CELL_FLASH_CACHE DEFAULT)
  TABLESPACE "USERS" ;
--------------------------------------------------------
--  DDL for Index SHOPNUM_SHOPCART_PK
--------------------------------------------------------

  CREATE UNIQUE INDEX "SHOPNUM_SHOPCART_PK" ON "SHOPCART" ("SHOPNUM") 
  PCTFREE 10 INITRANS 2 MAXTRANS 255 COMPUTE STATISTICS 
  STORAGE(INITIAL 65536 NEXT 1048576 MINEXTENTS 1 MAXEXTENTS 2147483645
  PCTINCREASE 0 FREELISTS 1 FREELIST GROUPS 1
  BUFFER_POOL DEFAULT FLASH_CACHE DEFAULT CELL_FLASH_CACHE DEFAULT)
  TABLESPACE "USERS" ;
--------------------------------------------------------
--  Constraints for Table CATEGORY
--------------------------------------------------------

  ALTER TABLE "CATEGORY" MODIFY ("CATEGORYNUM" NOT NULL ENABLE);
  ALTER TABLE "CATEGORY" ADD CONSTRAINT "PK_CATEGORY_CATEGORYNUM" PRIMARY KEY ("CATEGORYNUM")
  USING INDEX PCTFREE 10 INITRANS 2 MAXTRANS 255 COMPUTE STATISTICS 
  STORAGE(INITIAL 65536 NEXT 1048576 MINEXTENTS 1 MAXEXTENTS 2147483645
  PCTINCREASE 0 FREELISTS 1 FREELIST GROUPS 1
  BUFFER_POOL DEFAULT FLASH_CACHE DEFAULT CELL_FLASH_CACHE DEFAULT)
  TABLESPACE "USERS"  ENABLE;
--------------------------------------------------------
--  Constraints for Table COUPON
--------------------------------------------------------

  ALTER TABLE "COUPON" ADD CONSTRAINT "COUPONNUM_COUPON_PK" PRIMARY KEY ("COUPONNUM")
  USING INDEX PCTFREE 10 INITRANS 2 MAXTRANS 255 COMPUTE STATISTICS 
  STORAGE(INITIAL 65536 NEXT 1048576 MINEXTENTS 1 MAXEXTENTS 2147483645
  PCTINCREASE 0 FREELISTS 1 FREELIST GROUPS 1
  BUFFER_POOL DEFAULT FLASH_CACHE DEFAULT CELL_FLASH_CACHE DEFAULT)
  TABLESPACE "USERS"  ENABLE;
--------------------------------------------------------
--  Constraints for Table EVENT
--------------------------------------------------------

  ALTER TABLE "EVENT" ADD CONSTRAINT "NUM_EVENT_PK" PRIMARY KEY ("NUM")
  USING INDEX PCTFREE 10 INITRANS 2 MAXTRANS 255 COMPUTE STATISTICS 
  STORAGE(INITIAL 65536 NEXT 1048576 MINEXTENTS 1 MAXEXTENTS 2147483645
  PCTINCREASE 0 FREELISTS 1 FREELIST GROUPS 1
  BUFFER_POOL DEFAULT FLASH_CACHE DEFAULT CELL_FLASH_CACHE DEFAULT)
  TABLESPACE "USERS"  ENABLE;
--------------------------------------------------------
--  Constraints for Table EVENTFILE
--------------------------------------------------------

  ALTER TABLE "EVENTFILE" ADD CONSTRAINT "FILENUM_EVNETFILE_PK" PRIMARY KEY ("FILENUM")
  USING INDEX PCTFREE 10 INITRANS 2 MAXTRANS 255 COMPUTE STATISTICS 
  STORAGE(INITIAL 65536 NEXT 1048576 MINEXTENTS 1 MAXEXTENTS 2147483645
  PCTINCREASE 0 FREELISTS 1 FREELIST GROUPS 1
  BUFFER_POOL DEFAULT FLASH_CACHE DEFAULT CELL_FLASH_CACHE DEFAULT)
  TABLESPACE "USERS"  ENABLE;
--------------------------------------------------------
--  Constraints for Table FOLLOW
--------------------------------------------------------

  ALTER TABLE "FOLLOW" ADD CONSTRAINT "FOLLOW_FN_PK" PRIMARY KEY ("FOLLOWNUM")
  USING INDEX PCTFREE 10 INITRANS 2 MAXTRANS 255 COMPUTE STATISTICS 
  STORAGE(INITIAL 65536 NEXT 1048576 MINEXTENTS 1 MAXEXTENTS 2147483645
  PCTINCREASE 0 FREELISTS 1 FREELIST GROUPS 1
  BUFFER_POOL DEFAULT FLASH_CACHE DEFAULT CELL_FLASH_CACHE DEFAULT)
  TABLESPACE "USERS"  ENABLE;
--------------------------------------------------------
--  Constraints for Table GUEST
--------------------------------------------------------

  ALTER TABLE "GUEST" ADD CONSTRAINT "GUEST_GI_PK" PRIMARY KEY ("GUESTID")
  USING INDEX PCTFREE 10 INITRANS 2 MAXTRANS 255 COMPUTE STATISTICS 
  STORAGE(INITIAL 65536 NEXT 1048576 MINEXTENTS 1 MAXEXTENTS 2147483645
  PCTINCREASE 0 FREELISTS 1 FREELIST GROUPS 1
  BUFFER_POOL DEFAULT FLASH_CACHE DEFAULT CELL_FLASH_CACHE DEFAULT)
  TABLESPACE "USERS"  ENABLE;
--------------------------------------------------------
--  Constraints for Table MEMBER
--------------------------------------------------------

  ALTER TABLE "MEMBER" ADD CONSTRAINT "MEMBER_UI_PK" PRIMARY KEY ("USERID")
  USING INDEX PCTFREE 10 INITRANS 2 MAXTRANS 255 COMPUTE STATISTICS 
  STORAGE(INITIAL 65536 NEXT 1048576 MINEXTENTS 1 MAXEXTENTS 2147483645
  PCTINCREASE 0 FREELISTS 1 FREELIST GROUPS 1
  BUFFER_POOL DEFAULT FLASH_CACHE DEFAULT CELL_FLASH_CACHE DEFAULT)
  TABLESPACE "USERS"  ENABLE;
--------------------------------------------------------
--  Constraints for Table MEMFILE
--------------------------------------------------------

  ALTER TABLE "MEMFILE" ADD CONSTRAINT "MEMFILE_FN_PK" PRIMARY KEY ("FILENUM")
  USING INDEX PCTFREE 10 INITRANS 2 MAXTRANS 255 COMPUTE STATISTICS 
  STORAGE(INITIAL 65536 NEXT 1048576 MINEXTENTS 1 MAXEXTENTS 2147483645
  PCTINCREASE 0 FREELISTS 1 FREELIST GROUPS 1
  BUFFER_POOL DEFAULT FLASH_CACHE DEFAULT CELL_FLASH_CACHE DEFAULT)
  TABLESPACE "USERS"  ENABLE;
--------------------------------------------------------
--  Constraints for Table NOTICE
--------------------------------------------------------

  ALTER TABLE "NOTICE" MODIFY ("NUM" NOT NULL ENABLE);
  ALTER TABLE "NOTICE" ADD CONSTRAINT "PK_NOTICE" PRIMARY KEY ("NUM")
  USING INDEX PCTFREE 10 INITRANS 2 MAXTRANS 255 COMPUTE STATISTICS 
  STORAGE(INITIAL 65536 NEXT 1048576 MINEXTENTS 1 MAXEXTENTS 2147483645
  PCTINCREASE 0 FREELISTS 1 FREELIST GROUPS 1
  BUFFER_POOL DEFAULT FLASH_CACHE DEFAULT CELL_FLASH_CACHE DEFAULT)
  TABLESPACE "USERS"  ENABLE;
--------------------------------------------------------
--  Constraints for Table NOTICEFILE
--------------------------------------------------------

  ALTER TABLE "NOTICEFILE" ADD CONSTRAINT "FILENUM_NOTICEFILE_PK" PRIMARY KEY ("FILENUM")
  USING INDEX PCTFREE 10 INITRANS 2 MAXTRANS 255 COMPUTE STATISTICS 
  TABLESPACE "USERS"  ENABLE;
--------------------------------------------------------
--  Constraints for Table PICK
--------------------------------------------------------

  ALTER TABLE "PICK" ADD CONSTRAINT "PICKNUM_PICK_PK" PRIMARY KEY ("PICKNUM")
  USING INDEX PCTFREE 10 INITRANS 2 MAXTRANS 255 COMPUTE STATISTICS 
  STORAGE(INITIAL 65536 NEXT 1048576 MINEXTENTS 1 MAXEXTENTS 2147483645
  PCTINCREASE 0 FREELISTS 1 FREELIST GROUPS 1
  BUFFER_POOL DEFAULT FLASH_CACHE DEFAULT CELL_FLASH_CACHE DEFAULT)
  TABLESPACE "USERS"  ENABLE;
--------------------------------------------------------
--  Constraints for Table PURCHASE
--------------------------------------------------------

  ALTER TABLE "PURCHASE" ADD CONSTRAINT "IMP_UID_CHECK_PK" PRIMARY KEY ("IMP_UID")
  USING INDEX PCTFREE 10 INITRANS 2 MAXTRANS 255 COMPUTE STATISTICS 
  STORAGE(INITIAL 65536 NEXT 1048576 MINEXTENTS 1 MAXEXTENTS 2147483645
  PCTINCREASE 0 FREELISTS 1 FREELIST GROUPS 1
  BUFFER_POOL DEFAULT FLASH_CACHE DEFAULT CELL_FLASH_CACHE DEFAULT)
  TABLESPACE "USERS"  ENABLE;
--------------------------------------------------------
--  Constraints for Table PURCHASECANCEL
--------------------------------------------------------

  ALTER TABLE "PURCHASECANCEL" ADD CONSTRAINT "MERCHANT_UID_PURCHASECANCEL_PK" PRIMARY KEY ("MERCHANT_UID")
  USING INDEX PCTFREE 10 INITRANS 2 MAXTRANS 255 COMPUTE STATISTICS 
  STORAGE(INITIAL 65536 NEXT 1048576 MINEXTENTS 1 MAXEXTENTS 2147483645
  PCTINCREASE 0 FREELISTS 1 FREELIST GROUPS 1
  BUFFER_POOL DEFAULT FLASH_CACHE DEFAULT CELL_FLASH_CACHE DEFAULT)
  TABLESPACE "USERS"  ENABLE;
--------------------------------------------------------
--  Constraints for Table QNA
--------------------------------------------------------

  ALTER TABLE "QNA" ADD CONSTRAINT "NUM_QNA_PK" PRIMARY KEY ("NUM")
  USING INDEX PCTFREE 10 INITRANS 2 MAXTRANS 255 COMPUTE STATISTICS 
  STORAGE(INITIAL 65536 NEXT 1048576 MINEXTENTS 1 MAXEXTENTS 2147483645
  PCTINCREASE 0 FREELISTS 1 FREELIST GROUPS 1
  BUFFER_POOL DEFAULT FLASH_CACHE DEFAULT CELL_FLASH_CACHE DEFAULT)
  TABLESPACE "USERS"  ENABLE;
--------------------------------------------------------
--  Constraints for Table QNAFILE
--------------------------------------------------------

  ALTER TABLE "QNAFILE" ADD CONSTRAINT "FILENUM_QNAFILE_PK" PRIMARY KEY ("FILENUM")
  USING INDEX PCTFREE 10 INITRANS 2 MAXTRANS 255 COMPUTE STATISTICS 
  TABLESPACE "USERS"  ENABLE;
--------------------------------------------------------
--  Constraints for Table REVIEW
--------------------------------------------------------

  ALTER TABLE "REVIEW" ADD CONSTRAINT "RVNUM_REVIEW_PK" PRIMARY KEY ("RVNUM")
  USING INDEX PCTFREE 10 INITRANS 2 MAXTRANS 255 COMPUTE STATISTICS 
  STORAGE(INITIAL 65536 NEXT 1048576 MINEXTENTS 1 MAXEXTENTS 2147483645
  PCTINCREASE 0 FREELISTS 1 FREELIST GROUPS 1
  BUFFER_POOL DEFAULT FLASH_CACHE DEFAULT CELL_FLASH_CACHE DEFAULT)
  TABLESPACE "USERS"  ENABLE;
--------------------------------------------------------
--  Constraints for Table ROLE
--------------------------------------------------------

  ALTER TABLE "ROLE" ADD CONSTRAINT "ROLE_RN_PK" PRIMARY KEY ("ROLENUM")
  USING INDEX PCTFREE 10 INITRANS 2 MAXTRANS 255 COMPUTE STATISTICS 
  STORAGE(INITIAL 65536 NEXT 1048576 MINEXTENTS 1 MAXEXTENTS 2147483645
  PCTINCREASE 0 FREELISTS 1 FREELIST GROUPS 1
  BUFFER_POOL DEFAULT FLASH_CACHE DEFAULT CELL_FLASH_CACHE DEFAULT)
  TABLESPACE "USERS"  ENABLE;
--------------------------------------------------------
--  Constraints for Table RVCOMMENT
--------------------------------------------------------

  ALTER TABLE "RVCOMMENT" ADD CONSTRAINT "RVCNUM_RVCOMMENT_PK" PRIMARY KEY ("RVCNUM")
  USING INDEX PCTFREE 10 INITRANS 2 MAXTRANS 255 COMPUTE STATISTICS 
  STORAGE(INITIAL 65536 NEXT 1048576 MINEXTENTS 1 MAXEXTENTS 2147483645
  PCTINCREASE 0 FREELISTS 1 FREELIST GROUPS 1
  BUFFER_POOL DEFAULT FLASH_CACHE DEFAULT CELL_FLASH_CACHE DEFAULT)
  TABLESPACE "USERS"  ENABLE;
--------------------------------------------------------
--  Constraints for Table RVFILE
--------------------------------------------------------

  ALTER TABLE "RVFILE" ADD CONSTRAINT "PHOTONUM_RVFILE_PK" PRIMARY KEY ("PHOTONUM")
  USING INDEX PCTFREE 10 INITRANS 2 MAXTRANS 255 COMPUTE STATISTICS 
  STORAGE(INITIAL 65536 NEXT 1048576 MINEXTENTS 1 MAXEXTENTS 2147483645
  PCTINCREASE 0 FREELISTS 1 FREELIST GROUPS 1
  BUFFER_POOL DEFAULT FLASH_CACHE DEFAULT CELL_FLASH_CACHE DEFAULT)
  TABLESPACE "USERS"  ENABLE;
--------------------------------------------------------
--  Constraints for Table SELLCATEGORY
--------------------------------------------------------

  ALTER TABLE "SELLCATEGORY" MODIFY ("SELLCATEGORYNUM" NOT NULL ENABLE);
  ALTER TABLE "SELLCATEGORY" ADD CONSTRAINT "PK_SELLCATEGORY_SELLCATEGORYNUM" PRIMARY KEY ("SELLCATEGORYNUM")
  USING INDEX PCTFREE 10 INITRANS 2 MAXTRANS 255 COMPUTE STATISTICS 
  STORAGE(INITIAL 65536 NEXT 1048576 MINEXTENTS 1 MAXEXTENTS 2147483645
  PCTINCREASE 0 FREELISTS 1 FREELIST GROUPS 1
  BUFFER_POOL DEFAULT FLASH_CACHE DEFAULT CELL_FLASH_CACHE DEFAULT)
  TABLESPACE "USERS"  ENABLE;
--------------------------------------------------------
--  Constraints for Table SELLFILE
--------------------------------------------------------

  ALTER TABLE "SELLFILE" ADD CONSTRAINT "PHOTONUM_SELLFILE_PK" PRIMARY KEY ("PHOTONUM")
  USING INDEX PCTFREE 10 INITRANS 2 MAXTRANS 255 COMPUTE STATISTICS 
  STORAGE(INITIAL 65536 NEXT 1048576 MINEXTENTS 1 MAXEXTENTS 2147483645
  PCTINCREASE 0 FREELISTS 1 FREELIST GROUPS 1
  BUFFER_POOL DEFAULT FLASH_CACHE DEFAULT CELL_FLASH_CACHE DEFAULT)
  TABLESPACE "USERS"  ENABLE;
--------------------------------------------------------
--  Constraints for Table SELLITEM
--------------------------------------------------------

  ALTER TABLE "SELLITEM" ADD CONSTRAINT "ITEMNUM_SELLITEM_PK" PRIMARY KEY ("ITEMNUM")
  USING INDEX PCTFREE 10 INITRANS 2 MAXTRANS 255 COMPUTE STATISTICS 
  STORAGE(INITIAL 65536 NEXT 1048576 MINEXTENTS 1 MAXEXTENTS 2147483645
  PCTINCREASE 0 FREELISTS 1 FREELIST GROUPS 1
  BUFFER_POOL DEFAULT FLASH_CACHE DEFAULT CELL_FLASH_CACHE DEFAULT)
  TABLESPACE "USERS"  ENABLE;
--------------------------------------------------------
--  Constraints for Table SELLQNA
--------------------------------------------------------

  ALTER TABLE "SELLQNA" ADD CONSTRAINT "QNANUM_SELLQNA_PK" PRIMARY KEY ("QNANUM")
  USING INDEX PCTFREE 10 INITRANS 2 MAXTRANS 255 COMPUTE STATISTICS 
  STORAGE(INITIAL 65536 NEXT 1048576 MINEXTENTS 1 MAXEXTENTS 2147483645
  PCTINCREASE 0 FREELISTS 1 FREELIST GROUPS 1
  BUFFER_POOL DEFAULT FLASH_CACHE DEFAULT CELL_FLASH_CACHE DEFAULT)
  TABLESPACE "USERS"  ENABLE;
--------------------------------------------------------
--  Constraints for Table SELLQNACOMMENT
--------------------------------------------------------

  ALTER TABLE "SELLQNACOMMENT" ADD CONSTRAINT "SQNUM_SELLQNACOMMENT_PK" PRIMARY KEY ("SQNUM")
  USING INDEX PCTFREE 10 INITRANS 2 MAXTRANS 255 COMPUTE STATISTICS 
  STORAGE(INITIAL 65536 NEXT 1048576 MINEXTENTS 1 MAXEXTENTS 2147483645
  PCTINCREASE 0 FREELISTS 1 FREELIST GROUPS 1
  BUFFER_POOL DEFAULT FLASH_CACHE DEFAULT CELL_FLASH_CACHE DEFAULT)
  TABLESPACE "USERS"  ENABLE;
--------------------------------------------------------
--  Constraints for Table SHARING
--------------------------------------------------------

  ALTER TABLE "SHARING" MODIFY ("NUM" NOT NULL ENABLE);
  ALTER TABLE "SHARING" ADD CONSTRAINT "NUM_SHARING_PK" PRIMARY KEY ("NUM")
  USING INDEX PCTFREE 10 INITRANS 2 MAXTRANS 255 COMPUTE STATISTICS 
  STORAGE(INITIAL 65536 NEXT 1048576 MINEXTENTS 1 MAXEXTENTS 2147483645
  PCTINCREASE 0 FREELISTS 1 FREELIST GROUPS 1
  BUFFER_POOL DEFAULT FLASH_CACHE DEFAULT CELL_FLASH_CACHE DEFAULT)
  TABLESPACE "USERS"  ENABLE;
--------------------------------------------------------
--  Constraints for Table SHARINGFILE
--------------------------------------------------------

  ALTER TABLE "SHARINGFILE" ADD CONSTRAINT "FILENUM_SHARINGFILE_PK" PRIMARY KEY ("FILENUM")
  USING INDEX PCTFREE 10 INITRANS 2 MAXTRANS 255 COMPUTE STATISTICS 
  STORAGE(INITIAL 65536 NEXT 1048576 MINEXTENTS 1 MAXEXTENTS 2147483645
  PCTINCREASE 0 FREELISTS 1 FREELIST GROUPS 1
  BUFFER_POOL DEFAULT FLASH_CACHE DEFAULT CELL_FLASH_CACHE DEFAULT)
  TABLESPACE "USERS"  ENABLE;
--------------------------------------------------------
--  Constraints for Table SHCOMMENT
--------------------------------------------------------

  ALTER TABLE "SHCOMMENT" ADD CONSTRAINT "SHCOMMENT_COMMENTNUM_PK" PRIMARY KEY ("COMMENTNUM")
  USING INDEX PCTFREE 10 INITRANS 2 MAXTRANS 255 COMPUTE STATISTICS 
  STORAGE(INITIAL 65536 NEXT 1048576 MINEXTENTS 1 MAXEXTENTS 2147483645
  PCTINCREASE 0 FREELISTS 1 FREELIST GROUPS 1
  BUFFER_POOL DEFAULT FLASH_CACHE DEFAULT CELL_FLASH_CACHE DEFAULT)
  TABLESPACE "USERS"  ENABLE;
--------------------------------------------------------
--  Constraints for Table SHOPCART
--------------------------------------------------------

  ALTER TABLE "SHOPCART" ADD CONSTRAINT "SHOPNUM_SHOPCART_PK" PRIMARY KEY ("SHOPNUM")
  USING INDEX PCTFREE 10 INITRANS 2 MAXTRANS 255 COMPUTE STATISTICS 
  STORAGE(INITIAL 65536 NEXT 1048576 MINEXTENTS 1 MAXEXTENTS 2147483645
  PCTINCREASE 0 FREELISTS 1 FREELIST GROUPS 1
  BUFFER_POOL DEFAULT FLASH_CACHE DEFAULT CELL_FLASH_CACHE DEFAULT)
  TABLESPACE "USERS"  ENABLE;
--------------------------------------------------------
--  Ref Constraints for Table EVENTFILE
--------------------------------------------------------

  ALTER TABLE "EVENTFILE" ADD CONSTRAINT "NUM_EVENTFILE_FK" FOREIGN KEY ("NUM")
	  REFERENCES "EVENT" ("NUM") ON DELETE CASCADE ENABLE;
--------------------------------------------------------
--  Ref Constraints for Table FOLLOW
--------------------------------------------------------

  ALTER TABLE "FOLLOW" ADD FOREIGN KEY ("FOLLOWER")
	  REFERENCES "MEMBER" ("USERID") ON DELETE CASCADE ENABLE;
  ALTER TABLE "FOLLOW" ADD FOREIGN KEY ("FOLLOWEE")
	  REFERENCES "MEMBER" ("USERID") ON DELETE CASCADE ENABLE;
--------------------------------------------------------
--  Ref Constraints for Table GUEST
--------------------------------------------------------

  ALTER TABLE "GUEST" ADD FOREIGN KEY ("ROLENUM")
	  REFERENCES "ROLE" ("ROLENUM") ENABLE;
  ALTER TABLE "GUEST" ADD FOREIGN KEY ("USERID")
	  REFERENCES "MEMBER" ("USERID") ON DELETE CASCADE ENABLE;
--------------------------------------------------------
--  Ref Constraints for Table MEMBER
--------------------------------------------------------

  ALTER TABLE "MEMBER" ADD FOREIGN KEY ("ROLENUM")
	  REFERENCES "ROLE" ("ROLENUM") ENABLE;
--------------------------------------------------------
--  Ref Constraints for Table MEMFILE
--------------------------------------------------------

  ALTER TABLE "MEMFILE" ADD FOREIGN KEY ("USERID")
	  REFERENCES "MEMBER" ("USERID") ON DELETE CASCADE ENABLE;
--------------------------------------------------------
--  Ref Constraints for Table NOTICEFILE
--------------------------------------------------------

  ALTER TABLE "NOTICEFILE" ADD CONSTRAINT "NUM_NOTICE_FK" FOREIGN KEY ("NUM")
	  REFERENCES "NOTICE" ("NUM") ON DELETE CASCADE ENABLE;
--------------------------------------------------------
--  Ref Constraints for Table PICK
--------------------------------------------------------

  ALTER TABLE "PICK" ADD CONSTRAINT "ITEMNUM_PICK_FK" FOREIGN KEY ("ITEMNUM")
	  REFERENCES "SELLITEM" ("ITEMNUM") ENABLE;
  ALTER TABLE "PICK" ADD CONSTRAINT "USERID_PICK_FK" FOREIGN KEY ("USERID")
	  REFERENCES "MEMBER" ("USERID") ENABLE;
--------------------------------------------------------
--  Ref Constraints for Table PURCHASE
--------------------------------------------------------

  ALTER TABLE "PURCHASE" ADD FOREIGN KEY ("ITEMNUM")
	  REFERENCES "SELLITEM" ("ITEMNUM") ON DELETE CASCADE ENABLE;
  ALTER TABLE "PURCHASE" ADD FOREIGN KEY ("USERID")
	  REFERENCES "MEMBER" ("USERID") ON DELETE CASCADE ENABLE;
--------------------------------------------------------
--  Ref Constraints for Table PURCHASECANCEL
--------------------------------------------------------

  ALTER TABLE "PURCHASECANCEL" ADD FOREIGN KEY ("IMP_UID")
	  REFERENCES "PURCHASE" ("IMP_UID") ON DELETE CASCADE ENABLE;
--------------------------------------------------------
--  Ref Constraints for Table QNAFILE
--------------------------------------------------------

  ALTER TABLE "QNAFILE" ADD CONSTRAINT "NUM_QNAFILE_FK" FOREIGN KEY ("NUM")
	  REFERENCES "QNA" ("NUM") ON DELETE CASCADE ENABLE;
--------------------------------------------------------
--  Ref Constraints for Table REVIEW
--------------------------------------------------------

  ALTER TABLE "REVIEW" ADD CONSTRAINT "ITEMNUM_REVIEW_FK" FOREIGN KEY ("ITEMNUM")
	  REFERENCES "SELLITEM" ("ITEMNUM") ENABLE;
  ALTER TABLE "REVIEW" ADD CONSTRAINT "USERID_REVIEW_FK" FOREIGN KEY ("USERID")
	  REFERENCES "MEMBER" ("USERID") ENABLE;
--------------------------------------------------------
--  Ref Constraints for Table RVCOMMENT
--------------------------------------------------------

  ALTER TABLE "RVCOMMENT" ADD CONSTRAINT "RVNUM_RVCOMMENT_FK" FOREIGN KEY ("RVNUM")
	  REFERENCES "REVIEW" ("RVNUM") ENABLE;
--------------------------------------------------------
--  Ref Constraints for Table RVFILE
--------------------------------------------------------

  ALTER TABLE "RVFILE" ADD CONSTRAINT "RVNUM_RVFILE_FK" FOREIGN KEY ("RVNUM")
	  REFERENCES "REVIEW" ("RVNUM") ENABLE;
--------------------------------------------------------
--  Ref Constraints for Table SELLCATEGORY
--------------------------------------------------------

  ALTER TABLE "SELLCATEGORY" ADD CONSTRAINT "FK_SELLCATEGORY_ITEMNUM" FOREIGN KEY ("ITEMNUM")
	  REFERENCES "SELLITEM" ("ITEMNUM") ENABLE;
  ALTER TABLE "SELLCATEGORY" ADD CONSTRAINT "FK_SELLCATEGORY_CATEGORYNUM" FOREIGN KEY ("CATEGORYNUM")
	  REFERENCES "CATEGORY" ("CATEGORYNUM") ENABLE;
--------------------------------------------------------
--  Ref Constraints for Table SELLFILE
--------------------------------------------------------

  ALTER TABLE "SELLFILE" ADD CONSTRAINT "ITEMNUM_SELLFILE_FK" FOREIGN KEY ("ITEMNUM")
	  REFERENCES "SELLITEM" ("ITEMNUM") ENABLE;
--------------------------------------------------------
--  Ref Constraints for Table SELLITEM
--------------------------------------------------------

  ALTER TABLE "SELLITEM" ADD CONSTRAINT "USERID_SELLITEM_FK" FOREIGN KEY ("USERID")
	  REFERENCES "MEMBER" ("USERID") ENABLE;
--------------------------------------------------------
--  Ref Constraints for Table SELLQNA
--------------------------------------------------------

  ALTER TABLE "SELLQNA" ADD CONSTRAINT "ITEMNUM_SELLQNA_FK" FOREIGN KEY ("ITEMNUM")
	  REFERENCES "SELLITEM" ("ITEMNUM") ENABLE;
  ALTER TABLE "SELLQNA" ADD CONSTRAINT "USERID_SELLQNA_FK" FOREIGN KEY ("USERID")
	  REFERENCES "MEMBER" ("USERID") ENABLE;
--------------------------------------------------------
--  Ref Constraints for Table SELLQNACOMMENT
--------------------------------------------------------

  ALTER TABLE "SELLQNACOMMENT" ADD CONSTRAINT "QNANUM_SELLQNACOMMENT_FK" FOREIGN KEY ("QNANUM")
	  REFERENCES "SELLQNA" ("QNANUM") ENABLE;
--------------------------------------------------------
--  Ref Constraints for Table SHARINGFILE
--------------------------------------------------------

  ALTER TABLE "SHARINGFILE" ADD CONSTRAINT "NUM_SHARINGFILE_FK" FOREIGN KEY ("NUM")
	  REFERENCES "SHARING" ("NUM") ON DELETE CASCADE ENABLE;
--------------------------------------------------------
--  Ref Constraints for Table SHCOMMENT
--------------------------------------------------------

  ALTER TABLE "SHCOMMENT" ADD CONSTRAINT "SHCOMMENT_NUM_FK" FOREIGN KEY ("NUM")
	  REFERENCES "SHARING" ("NUM") ON DELETE CASCADE ENABLE;
--------------------------------------------------------
--  Ref Constraints for Table SHOPCART
--------------------------------------------------------

  ALTER TABLE "SHOPCART" ADD CONSTRAINT "ITEMNUM_SHOPCART_FK" FOREIGN KEY ("ITEMNUM")
	  REFERENCES "SELLITEM" ("ITEMNUM") ENABLE;
  ALTER TABLE "SHOPCART" ADD CONSTRAINT "USERID_SHOPCART_FK" FOREIGN KEY ("USERID")
	  REFERENCES "MEMBER" ("USERID") ENABLE;
--------------------------------------------------------
--  Ref Constraints for Table USERCOUPON
--------------------------------------------------------

  ALTER TABLE "USERCOUPON" ADD CONSTRAINT "NUM_USERCOUPON_FK" FOREIGN KEY ("NUM")
	  REFERENCES "EVENT" ("NUM") ON DELETE CASCADE ENABLE;
  ALTER TABLE "USERCOUPON" ADD CONSTRAINT "USERID_USERCOUPON_FK" FOREIGN KEY ("USERID")
	  REFERENCES "MEMBER" ("USERID") ON DELETE CASCADE ENABLE;
  ALTER TABLE "USERCOUPON" ADD CONSTRAINT "COUPONNUM_USERCOUPON_FK" FOREIGN KEY ("COUPONNUM")
	  REFERENCES "COUPON" ("COUPONNUM") ON DELETE CASCADE ENABLE;
